AppID,Title,Rarest Achievement %,Completed
388080,Borderless Gaming,90.2,True
751690,The Mammoth: A Cave Painting,85.0,True
545040,Feather,79.2,True
743640,Achievement Clicker,75.7,True
425580,The Room Two,68.5,True
536220,The Walking Dead: A New Frontier,68.3,False
1374290,Palindrome Syndrome: Escape Room,66.0,True
288160,The Room,65.2,True
2087030,Shatterline,64.7,True
261030,The Walking Dead: Season Two,64.4,False
1790490,Regular Factory: Escape Room,64.0,True
429570,The Walking Dead: Michonne,63.9,False
1213550,Devil's Kiss,61.8,False
675260,Batman: The Enemy Within - The Telltale Series,60.6,False
1202900,Assemble with Care,60.0,True
1483780,Tested on Humans: Escape Room,57.9,True
810660,The Office Quest,55.8,False
498240,Batman - The Telltale Series,55.5,False
1580150,Between Time: Escape Room,53.6,True
265890,Hexcells,51.4,True
337340,Finding Paradise,48.6,False
271900,Hexcells Plus,48.2,True
963000,Frog Detective 1: The Haunted Island,48.1,True
1444300,Teacup,46.9,False
1337010,Alba: A Wildlife Adventure,46.3,False
416770,SquareCells,46.3,True
1764390,BAD END THEATER,44.3,False
523210,A Normal Lost Phone,42.1,False
1477790,Luna's Fishing Garden,40.7,True
854870,Perseverance: Part 1,40.2,False
367580,Hook,39.9,True
1263820,Sokpop S07: sok-worlds,37.7,False
431930,Kabounce,37.7,False
570490,SHENZHEN SOLITAIRE,36.3,True
1927720,Monument Valley,36.2,False
632000,CrossCells,35.0,False
456750,The Room Three,34.6,True
1016930,The Great Perhaps,33.7,False
1569550,Dread X Collection: The Hunt,33.4,False
282100,Fearless Fantasy,33.3,False
772060,Harvester of Dreams : Episode 1,32.3,False
990630,The Last Campfire,31.8,False
1927740,Monument Valley 2,31.3,False
282140,SOMA,31.2,False
1003120,HitchHiker,31.1,False
304410,Hexcells Infinite,30.6,True
664830,Zombotron,29.6,False
359190,Rituals,29.4,False
511470,Glass Masquerade,29.1,False
252130,Divide by Sheep,28.2,False
720660,Overloop,28.1,False
340270,TIMEframe,27.6,False
740410,Puzzle Chambers,27.2,False
499520,The Turing Test,27.1,True
1047220,Frog Detective 2: The Case of the Invisible Wizard,26.2,False
792040,Detective Di: The Silk Rose Murders,26.1,False
562570,Access Denied,25.9,False
435120,Rusty Lake Hotel,25.7,False
1955330,Save Room - Organization Puzzle,25.7,False
1140290,Murder by Numbers,25.1,True
710600,Red Bow,25.1,False
272600,Detective Grimoire,25.0,False
339130,Morningstar: Descent to Deadrock,24.7,False
729000,Wytchwood,24.5,False
802450,NAIRI: Tower of Shirin,24.3,False
1414250,CORPSE FACTORY,24.3,False
1740300,Smushi Come Home,24.1,True
1437500,Dread X Collection 3,23.6,False
402260,Dead Secret,22.0,False
522470,The House of Da Vinci,21.9,False
716500,Eliza,21.8,True
1296360,Archvale,21.8,False
1628130,Who Pressed Mute on Uncle Marcus?,21.3,False
1607240,Mail Time,21.1,False
1623420,Serious Sam: Kamikaze Attack!,21.1,False
949060,Love Thyself - A Horatio Story,21.0,False
753660,AtmaSphere,21.0,False
40700,Machinarium,20.9,True
1099640,Jack Move,20.9,False
742250,OPUS: Rocket of Whispers,20.8,False
1307580,TOEM,20.7,False
1380390,Dread X Collection 2,20.6,False
774321,STARBO - The Story of Leo Cornell,20.5,False
1347030,THE CORRIDOR,20.5,False
489610,Chicken Assassin: Reloaded,20.5,False
1484900,Hoa,20.5,False
496890,Replica,20.4,False
40720,Samorost 2,20.4,True
476510,Cally's Trials,20.1,False
1019310,VirtuaVerse,19.4,False
1018850,Smile For Me,19.2,False
676820,Subsurface Circular,18.9,False
1285670,Post Void,18.7,True
1110050,Evan's Remains,18.7,False
585840,Leaving Lyndow,18.6,False
923260,Golf Peaks,18.6,False
1049280,Pilgrims,18.5,True
663240,All You Can Eat,18.4,False
402020,The Park,18.0,False
933860,Discolored,17.9,True
1136160,Internet Cafe Simulator,17.7,False
732430,Superflight,17.6,False
1087810,Forgetful Dictator,17.5,False
233550,Another World,17.5,False
395620,Ittle Dew 2+,17.5,False
702150,Project Mercury,17.2,False
1698220,Teslagrad 2,17.1,False
1899810,Dread X Collection 5,17.0,False
1614270,Submerged: Hidden Depths,17.0,False
785890,Hexologic,17.0,False
932330,Alchemia,16.9,True
554620,Life is Strange: Before the Storm,16.9,False
539270,Mahjong,16.8,False
1205450,Turnip Boy Commits Tax Evasion,16.6,False
696480,The Norwood Suite,16.6,False
768450,NUTS,16.4,True
1679210,The Spirit and the Mouse,16.4,False
1522870,Supraland Six Inches Under,16.3,False
333250,Forward to the Sky,16.0,False
1564560,Island Farmer,15.9,False
709920,Tametsi,15.9,False
337490,Four Sided Fantasy,15.9,False
261720,Holy Avatar vs. Maidens of the Dead,15.7,False
1075740,Banners of Ruin,15.6,False
711660,CHUCHEL,15.6,False
384680,MechaNika,15.5,False
636100,Tesla vs Lovecraft,15.5,False
630,Alien Swarm,15.5,False
1985690,The Looker,15.5,False
1011190,SIMULACRA 2,15.4,False
1296510,Dread X Collection,15.3,False
331440,bit Dungeon II,15.3,False
907770,STONE,15.2,False
1035050,Alt-Frequencies,15.2,False
1145960,The White Door,15.1,False
1012840,Moons of Madness,15.1,False
1449320,Alfred Hitchcock - Vertigo,15.1,False
483420,Adam Wolfe,15.0,False
865360,We Were Here Together,15.0,False
747360,Gray Dawn,15.0,False
275390,Guacamelee! Super Turbo Championship Edition,14.9,False
702670,Donut County,14.8,True
1549550,Haven Park,14.8,False
744190,Rusty Lake Paradise,14.7,False
569380,Alicia Griffith – Lakeside Murder,14.6,False
607080,Psychonauts 2,14.6,True
1935660,Chop Goblins,14.6,False
532110,Rusty Lake: Roots,14.6,False
1748230,RESTLESS SOUL,14.5,False
730,Counter-Strike 2,14.5,False
1135690,Unpacking,14.3,True
925950,Here Comes Niko!,14.1,False
250260,Jazzpunk: Director's Cut,14.1,False
304430,INSIDE,14.0,False
852300,Creature in the Well,13.9,False
400430,The Vanishing of Ethan Carter Redux,13.9,False
959130,Dandy & Randy,13.9,False
574560,"Dude, Stop",13.8,False
421120,Samorost 3,13.7,False
370910,Kathy Rain,13.7,False
732930,Wunderling DX,13.6,False
1076280,Showdown Bandit,13.6,False
1465510,DUSK '82,13.5,False
207690,Botanicula,13.4,False
540840,Lara Croft GO,13.4,False
1421230,Syberia The World Before - Prologue,13.3,False
714120,Little Misfortune,13.2,False
207610,The Walking Dead,13.2,False
1597720,Feed All Monsters,13.0,False
227200,Waking Mars,12.9,False
284750,Enigmatis: The Ghosts of Maple Creek,12.8,False
105000,A New Beginning - Final Cut,12.6,True
352520,The Silent Age,12.6,False
284810,Nightmares from the Deep 3: Davy Jones,12.5,False
661680,Growbot,12.5,False
558420,Stories Untold,12.5,False
368370,Her Story,12.5,True
1040070,Merchant of the Skies,12.3,False
488770,Her Majesty's SPIFFING,12.3,False
1599020,Tinykin,12.2,False
400660,Reverse Crawl,12.2,False
919220,Destiny or Fate,12.1,False
552590,The Sexy Brutale,12.1,False
909820,Songbird Symphony,12.1,False
221830,The Book of Unwritten Tales: The Critter Chronicles,12.0,False
94590,Puzzle Agent 2,11.8,False
1057750,The Suicide of Rachel Foster,11.8,False
628950,Nephise Begins,11.8,False
743390,DISTRAINT 2,11.8,False
501300,What Remains of Edith Finch,11.8,True
640890,Will Glow the Wisp,11.8,False
1440440,Sam & Max Save the World,11.8,False
555220,Detention,11.7,False
465760,Scrap Garden,11.7,False
1292940,Cube Escape Collection,11.7,True
284890,Left in the Dark: No One on Board,11.6,False
226960,Ironclad Tactics,11.6,True
1252830,A Juggler's Tale,11.6,False
1603410,Lost Nova,11.5,False
362680,Fran Bow,11.5,False
395170,DISTRAINT: Deluxe Edition,11.5,False
264710,Subnautica,11.4,False
1466640,Road 96,11.4,False
402390,Hyperdrive Massacre,11.4,False
726340,Alchemist's Castle,11.4,False
668210,Super Fancy Pants Adventure,11.4,False
255520,Viscera Cleanup Detail: Shadow Warrior,11.3,False
677160,We Were Here Too,11.3,False
560740,Shtriga: Summer Camp,11.2,False
1402120,9 Years of Shadows,11.2,False
1846170,Iron Lung,11.2,False
1220150,Blue Fire,11.2,False
635320,Last Day of June,11.2,False
1240210,There Is No Game: Wrong Dimension,11.1,True
1271400,Adios,11.1,True
1181400,Path of Giants,11.1,False
569810,LEAVES - The Return,11.0,False
862480,The Spiral Scouts,11.0,False
524910,Hidden Through Time,11.0,False
331870,AER Memories of Old,11.0,False
403290,Burly Men at Sea,10.8,False
290510,GNOG,10.8,True
600430,Ticket to Ride: First Journey,10.8,False
969760,Omno,10.7,True
1158220,Kraken Academy!!,10.7,False
795610,Gift of Parthax,10.6,False
254700,Resident Evil 4 (2005),10.6,False
252370,The Shivah,10.5,True
253330,Neverending Nightmares,10.5,False
648390,Marie's Room,10.4,False
600990,The Gardens Between,10.3,False
2296990,We Were Here Expeditions: The FriendShip,10.3,False
1506510,The Ramp,10.3,True
710610,Don't Sink,10.2,False
420530,OneShot,10.2,False
532840,CAYNE,10.2,False
755980,DEPLOYMENT,10.2,False
737520,Flynn: Son of Crimson,10.2,False
1112890,Calico,10.2,False
1378020,Beasts of Maravilla Island,10.1,False
409100,The Purring Quest,10.0,False
41010,Serious Sam HD: The Second Encounter,10.0,False
567090,8-Bit Bayonetta,9.9,False
934600,Mech Rage,9.9,False
315320,Skilltree Saga,9.9,False
854940,Ikenfell,9.8,False
980830,Spirit Hunter: Death Mark,9.7,False
316610,A Good Snowman Is Hard To Build,9.7,False
435400,Hidden Folks,9.7,False
1634150,Behind the Frame: The Finest Scenery,9.7,False
929010,Swag and Sorcery,9.6,False
246420,Kingdom Rush,9.6,False
301860,Submerged,9.5,False
660160,Field of Glory II,9.5,False
1531490,Harmony's Odyssey,9.5,False
1289310,Helltaker,9.4,False
956030,Creaks,9.4,False
569800,LEAVES - The Journey,9.4,False
350970,Planet of the Eyes,9.3,False
343710,KHOLAT,9.3,False
1162280,Eternal Hope,9.3,False
308600,Gene Shift Auto,9.3,False
322450,FRAMED Collection,9.2,False
461560,Mandagon,9.2,False
325520,Fire: Ungh’s Quest,9.2,False
1663250,Hyper Gunsport,9.2,False
765870,Leisure Suit Larry - Wet Dreams Don't Dry,9.2,False
320820,Toren,9.2,False
420060,Candle,9.2,False
440880,The Count Lucanor,9.1,False
284050,Sanitarium,9.1,False
717610,A Case of Distrust,9.1,False
492180,Haimrik,9.1,False
529440,Behold the Kickmen,9.1,False
1046790,Eternal Threads,9.1,False
1150950,Timelie,9.0,False
209230,Sherlock Holmes and The Hound of The Baskervilles,9.0,False
814380,Sekiro™: Shadows Die Twice,9.0,False
19200,Tank Universal,9.0,False
80330,The Blackwell Legacy,8.9,True
1106830,Rainbow Billy: The Curse of the Leviathan,8.9,False
258520,The Vanishing of Ethan Carter,8.9,True
1413350,Sokpop S09: Flipper Volcano,8.9,False
417860,Emily is Away,8.9,True
1245620,ELDEN RING,8.9,True
281820,Explodemon,8.9,False
859440,Mars or Die!,8.8,False
406970,The Uncertain: Last Quiet Day,8.7,False
1075200,TOHU,8.7,False
225080,Brothers - A Tale of Two Sons,8.6,False
319910,Trine 3: The Artifacts of Power,8.6,False
631770,Pixplode,8.6,False
537520,SYMMETRY,8.6,False
80360,Blackwell Deception,8.6,True
438420,Zenith,8.6,False
80350,Blackwell Convergence,8.5,True
520720,Dear Esther: Landmark Edition,8.5,False
343860,Tacoma,8.5,False
233470,Evoland,8.5,False
639470,Original Journey,8.5,False
241910,Goodbye Deponia,8.5,False
350640,Sherlock Holmes: The Devil's Daughter,8.4,False
440020,bit Dungeon+,8.4,False
1179210,Kill It With Fire,8.4,False
353940,Aces of the Luftwaffe,8.4,False
490220,Prismata,8.3,False
582560,The Invisible Hours,8.3,False
790850,Undead Horde,8.3,False
504430,The Watchmaker,8.3,False
435790,10 Second Ninja X,8.2,False
339190,Dead Synchronicity: Tomorrow Comes Today,8.2,True
624270,The Painscreek Killings,8.2,True
546550,Snowball!,8.2,False
1062140,Garden Story,8.2,False
1093290,The Wild at Heart,8.2,False
593960,Lorelai,8.2,False
1115780,The Almost Gone,8.1,False
517140,POLYCRUSHER,8.1,False
1098170,Dark Nights with Poe and Munro,8.1,False
513290,Lucius III,8.1,False
209630,Magrunner: Dark Pulse,8.1,False
287630,The Council,8.1,False
441870,OutDrive,8.0,False
632360,Risk of Rain 2,8.0,False
380,Half-Life 2: Episode One,8.0,False
968870,Close to the Sun,8.0,False
944920,Nanotale - Typing Chronicles,8.0,False
421170,Indivisible,8.0,False
1119980,In Sound Mind,7.9,False
484830,Deep Blue,7.9,False
3590,Plants vs. Zombies: Game of the Year,7.9,False
916900,Paperbark,7.9,False
314810,Randal's Monday,7.9,False
249590,Teslagrad,7.9,False
1050000,Bear With Me: The Lost Robots,7.9,False
1468260,Leaf Blower Revolution - Idle Game,7.8,True
327220,Anna's Quest,7.8,False
1038280,Nobodies,7.8,False
629220,Rise of Insanity,7.8,False
1118240,Lake,7.8,False
236450,PAC-MAN Championship Edition DX+,7.7,False
1942280,Brotato,7.7,True
1419290,Out of Line,7.7,False
1055540,A Short Hike,7.7,True
250380,Knock-knock,7.7,False
680360,Regions Of Ruin,7.6,False
611760,Don't Escape: 4 Days to Survive,7.6,False
866800,The Walking Dead: The Final Season,7.6,False
1386620,Anuchard,7.6,False
690040,SUPERHOT: MIND CONTROL DELETE,7.6,False
434300,Wormhole City,7.6,False
588110,One Dog Story,7.6,False
228360,Full Throttle Remastered,7.6,True
795420,The Darkside Detective: A Fumble in the Dark,7.6,False
747470,Doughlings: Arcade,7.6,False
583270,Cosmic Express,7.5,False
715380,Those Who Remain,7.5,False
638070,Murderous Pursuits,7.5,False
491950,Orwell,7.5,False
614570,Dishonored®: Death of the Outsider™,7.5,False
256460,Cosmic Star Heroine,7.5,False
403460,SkyScrappers,7.5,False
1038300,New Super Lucky's Tale,7.4,False
250320,The Wolf Among Us,7.4,True
1380420,Grow: Song of the Evertree,7.4,False
311010,The Way,7.4,False
1172450,Carto,7.4,True
410110,12 is Better Than 6,7.4,False
1004610,Roombo: First Blood - JUSTICE SUCKS,7.3,False
239200,Amnesia: A Machine for Pigs,7.3,False
334210,Fortified,7.3,False
544610,Battlestar Galactica Deadlock,7.3,False
405720,Perfect Universe,7.3,False
1395030,Kathy Rain: Director's Cut,7.3,True
421740,Goetia,7.3,False
1709170,Paradise Marsh,7.3,False
283640,Salt and Sanctuary,7.3,False
692850,Bloodstained: Ritual of the Night,7.2,False
1058330,Fort Boyard,7.2,False
115110,Stacking,7.2,False
253110,The Cat Lady,7.2,False
278360,A Story About My Uncle,7.2,False
286320,Oknytt,7.1,False
634410,A Story Beside,7.1,False
405640,Pony Island,7.1,False
717560,Lucifer Within Us,7.1,False
1579380,Shadow Tactics: Blades of the Shogun - Aiko's Choice,7.1,False
1001800,KUNAI,7.1,False
224760,FEZ,7.1,False
629820,Maneater,7.1,False
809880,Degrees of Separation,7.1,False
760620,Deiland,7.1,False
838410,Tabletop Playground,7.1,False
574310,The Mooseman,7.0,False
564710,Soda Dungeon,7.0,True
376520,Kelvin and the Infamous Machine,7.0,False
573080,Peregrin,6.9,False
393190,TSIOQUE,6.9,False
1201550,Mad Experiments: Escape Room,6.9,False
364390,Downfall,6.9,False
336730,Supreme League of Patriots Issue 3: Ice Cold in Ellis,6.9,False
383870,Firewatch,6.9,True
220740,Chaos on Deponia,6.8,False
243200,Memoria,6.8,True
1116580,Shady Part of Me,6.8,False
598840,Ninja Shodown,6.8,False
368180,Polyball,6.8,False
420,Half-Life 2: Episode Two,6.8,False
1144770,SLUDGE LIFE,6.8,False
323720,Decay - The Mare,6.8,False
1042490,Call of the Sea,6.7,False
255280,1954 Alcatraz,6.7,False
1045720,The Coma 2: Vicious Sisters,6.7,False
1953860,Garden in!,6.7,False
334940,Yoku's Island Express,6.6,False
236930,Blackwell Epiphany,6.6,True
308060,Black The Fall,6.6,False
1354910,Tiny Lands,6.6,False
251430,The Inner World,6.6,False
380150,STASIS,6.6,False
674930,Boyfriend Dungeon,6.6,False
228320,A Valley Without Wind 2,6.6,False
351940,The Descendant,6.5,False
994140,Lightmatter,6.5,False
1574580,Strange Horticulture,6.5,False
834450,Roarr! Jurassic Edition,6.5,False
828740,Tales of the Neon Sea,6.5,False
1130410,Cyber Hook,6.5,True
365450,Hacknet,6.5,False
900270,Reventure,6.5,False
287260,Toybox Turbos,6.5,False
790810,Voxel Baller,6.5,False
883360,Beyond Blue,6.5,False
630310,The Mummy Demastered,6.5,False
1186640,Pumpkin Jack,6.5,False
1406850,The Legend of Tianding,6.5,False
445980,Wizard of Legend,6.5,False
1303660,Geometric Sniper,6.5,False
695100,Smoke and Sacrifice,6.4,False
690140,Sword Legacy Omen,6.4,False
1087760,The Gunk,6.4,False
80340,Blackwell Unbound,6.4,True
239030,"Papers, Please",6.4,False
1338130,Popo's Tower,6.3,False
1048740,Half Past Fate,6.3,False
965680,Boomerang Fu,6.3,False
1491670,Venba,6.3,False
656510,Epic Car Factory,6.3,False
274230,RONIN,6.3,False
248550,Megabyte Punch,6.3,False
96100,Defy Gravity,6.3,False
359310,Evoland 2,6.3,False
812160,Etherborn,6.2,False
460700,Song of the Deep,6.2,False
383270,Hue,6.2,False
1354830,Cat Cafe Manager,6.2,False
1145360,Hades,6.2,False
470090,Quantum Replica,6.2,False
1329540,CROSSBOW: Bloodnight,6.2,False
986310,Recompile,6.2,False
1720090,Aspire: Ina's Tale,6.2,False
389730,TEKKEN 7,6.2,False
219910,Edna & Harvey: Harvey's New Eyes,6.1,False
270550,Yet Another Zombie Defense,6.1,False
1049710,Minute of Islands,6.1,False
1353270,Five Dates,6.1,False
589780,The Red Strings Club,6.1,False
509220,Save Jesus,6.1,False
570940,DARK SOULS™: REMASTERED,6.1,True
352890,Caravan,6.1,False
609490,Minit,6.0,True
525510,"Guns, Gore and Cannoli 2",6.0,False
535480,Sundered: Eldritch Edition,6.0,False
811270,Impulsion,6.0,False
613470,The Inner World: The Last Wind Monk,6.0,False
423590,The Little Acre,6.0,False
312840,Fahrenheit: Indigo Prophecy Remastered,6.0,False
1422420,Dodgeball Academia,6.0,False
1543430,Terrain of Magical Expertise,6.0,False
466500,35MM,6.0,False
439190,Stories: The Path of Destinies,5.9,False
504230,Celeste,5.9,False
360830,Yooka-Laylee,5.9,False
1390350,Webbed,5.9,False
555440,Deathgarden: BLOODHARVEST,5.9,False
1063310,Vane,5.9,False
960420,Hello Neighbor: Hide and Seek,5.9,False
262000,Gabriel Knight - Sins of the Fathers,5.8,True
772480,Super Inefficient Golf,5.8,False
653530,Return of the Obra Dinn,5.8,True
1479390,Alekon,5.8,False
368390,The Darkside Detective,5.8,True
311480,Vertical Drop Heroes HD,5.8,False
512790,Quern - Undying Thoughts,5.8,True
35420,Killing Floor Mod: Defence Alliance 2,5.8,False
418950,DreadOut: Keepers of The Dark,5.8,False
763250,The Spectrum Retreat,5.8,False
600370,Paradigm,5.8,False
356040,Sheltered,5.7,False
1206620,Soul Axiom Rebooted,5.7,False
1558930,Little Orpheus,5.7,False
216090,Go Home Dinosaurs!,5.7,False
1367550,Kingdom Rush Vengeance,5.7,False
457680,OPUS: The Day We Found Earth,5.7,False
785790,WHAT THE GOLF?,5.7,False
640590,The LEGO® NINJAGO® Movie Video Game,5.7,False
219950,NiGHTS into Dreams...,5.7,False
973760,Thronebreaker: The Witcher Tales,5.6,False
371140,Aegis Defenders,5.6,False
44350,GRID 2,5.6,False
221640,Super Hexagon,5.6,False
205650,The Testament of Sherlock Holmes,5.6,False
279940,The Book of Unwritten Tales 2,5.6,False
296710,Monstrum,5.6,False
432350,Epic Battle Fantasy 5,5.6,False
369180,SoulCraft,5.6,False
232050,Eador. Masters of the Broken World,5.6,False
328500,Potatoman Seeks the Troof,5.5,False
751060,Ice Age: Scrat's Nutty Adventure,5.5,False
1481400,Dagon,5.5,False
204880,Sins of a Solar Empire: Rebellion,5.5,False
943140,Sparklite,5.5,False
22670,Alien Breed 3: Descent,5.5,False
530930,Soulblight,5.5,False
470270,Tribal Pass,5.5,False
268220,Meltdown,5.5,False
770390,Draugen,5.5,False
1149710,Tesla Force,5.5,False
887060,Asterix & Obelix XXL 2,5.5,False
1701520,Afterimage,5.5,False
94300,The Dream Machine,5.4,False
458710,Kingdom Rush Frontiers,5.4,False
584990,The Long Reach,5.4,False
1148590,DOOM 64,5.4,False
307570,A Golden Wake,5.4,True
346900,AdVenture Capitalist,5.4,True
265830,Monochroma,5.4,False
336710,Supreme League of Patriots Issue 2: Patriot Frames,5.4,False
262830,Crimsonland,5.4,False
1085660,Destiny 2,5.4,False
214340,Deponia,5.4,True
227080,Papo & Yo,5.3,False
2067920,Rogue: Genesia,5.3,False
597150,Hyper Knights,5.3,False
1110380,Fit For a King,5.3,False
296830,Lucius II,5.3,False
356050,Beyond Eyes,5.3,False
966320,Later Alligator,5.3,False
633060,Orwell: Ignorance is Strength,5.3,False
818320,LEGO® The Incredibles,5.2,False
92800,SpaceChem,5.2,False
485870,Super Duper Party Pooper,5.2,False
982720,Paradise Lost,5.2,False
972660,Spiritfarer®: Farewell Edition,5.2,False
539470,Police Stories,5.2,False
1061910,Metal: Hellsinger,5.2,False
433100,The Town of Light,5.2,False
274350,Dropsy,5.2,False
525450,King Oddball,5.2,False
244430,realMyst: Masterpiece Edition,5.2,True
510420,The Hex,5.2,False
111600,Serious Sam Double D XXL,5.2,False
860950,Mark of the Ninja: Remastered,5.1,False
1573720,Agatha Christie - Hercule Poirot: The First Cases,5.1,False
331760,Supreme League of Patriots Issue 1: A Patriot Is Born,5.1,False
1056610,Heal,5.1,False
467360,Off-Peak,5.1,False
317400,Portal Stories: Mel,5.1,False
1069740,Seen,5.1,False
292910,Deponia: The Complete Journey,5.1,False
683320,GRIS,5.1,False
374030,Virginia,5.1,True
409160,"Dr. Langeskov, The Tiger, and The Terribly Cursed Emerald: A Whirlwind Heist",5.1,True
319630,Life is Strange™,5.1,False
875310,LIBERATED,5.1,False
255320,Edna & Harvey: The Breakout,5.1,False
881690,The Slater,5.0,False
1369520,Strangeland,5.0,True
257420,Serious Sam 4,5.0,False
1546100,A Musical Story,5.0,False
645320,SCARF,5.0,False
1191900,Say No! More,5.0,False
265240,Crazy Machines: Golden Gears,5.0,False
267530,The LEGO® Movie - Videogame,5.0,False
474960,Quantum Break,5.0,False
1063490,Still There,5.0,False
746710,Cypher,5.0,False
210970,The Witness,5.0,False
530390,Slayaway Camp,5.0,False
651500,My Memory of Us,5.0,False
231160,The Swapper,4.9,False
454890,Project Starship,4.9,False
774561,Rym 9000,4.9,False
1136370,Bear and Breakfast,4.9,False
236090,Dust: An Elysian Tail,4.9,False
975950,Effie,4.9,False
1381440,80's OVERDRIVE,4.9,False
1231880,"Haiku, the Robot",4.8,False
285160,LEGO® The Hobbit™,4.8,False
521890,Hello Neighbor,4.8,False
206190,Gunpoint,4.8,False
230820,The Night of the Rabbit,4.8,False
336130,Shardlight,4.8,True
996580,Spyro™ Reignited Trilogy,4.8,False
925460,Vectronom,4.8,False
619700,Steel Rats,4.8,False
900040,ELEX II,4.8,False
284390,The Last Door - Collector's Edition,4.8,False
735580,11-11 Memories Retold,4.8,False
287390,Metro: Last Light Redux,4.7,False
268540,The Whispered World Special Edition,4.7,True
440420,True Fear: Forsaken Souls Part 1,4.7,False
451570,Demetrios - The BIG Cynical Adventure,4.7,False
752590,A Plague Tale: Innocence,4.7,False
1191120,Growing Up,4.7,False
67370,The Darkness II,4.7,False
1281790,Sheepo,4.7,False
371450,Awe,4.7,False
252170,Anomaly Warzone Earth Mobile Campaign,4.7,False
1140630,Red Wings,4.7,False
397080,Magicka 2: Spell Balance Beta,4.7,False
269650,Dex,4.6,False
523650,Lust for Darkness,4.6,False
265210,Viscera Cleanup Detail: Santa's Rampage,4.6,False
816340,Kingdom Rush Origins,4.6,False
898650,The Shapeshifting Detective,4.6,False
751780,Forager,4.6,False
651470,Onirim - Solitaire Card Game,4.6,False
414340,Hellblade: Senua's Sacrifice,4.6,False
402530,The Last Door: Season 2 - Collector's Edition,4.6,False
557600,Gorogoa,4.6,False
543260,Wonder Boy: The Dragon's Trap,4.6,False
1049320,River City Girls,4.6,False
306700,Iron Fisticle,4.6,False
220820,Zombie Driver HD,4.6,False
470780,She Remembered Caterpillars,4.6,False
383230,Dungeon Souls,4.6,False
1180660,Tell Me Why,4.6,False
313690,LEGO® Batman™ 3: Beyond Gotham,4.6,False
295790,Never Alone (Kisima Ingitchuna),4.6,False
383750,Funk of Titans,4.6,False
603700,The Low Road,4.5,False
252670,Nihilumbra,4.5,False
894020,Death's Door,4.5,False
1259840,The House of Da Vinci 2,4.5,False
712730,SIMULACRA,4.5,True
814370,Monster Sanctuary,4.5,False
447890,Cat on a Diet,4.5,False
910630,Arcade Spirits,4.5,False
340000,Headlander,4.5,False
22650,Alien Breed 2: Assault,4.5,False
1069530,Narita Boy,4.5,False
290690,Tonight We Riot,4.5,False
976890,Hidden Deep,4.5,False
335300,DARK SOULS™ II: Scholar of the First Sin,4.4,False
255300,Journey of a Roach,4.4,False
251530,Anomaly Korea,4.4,False
1080010,Witchtastic,4.4,False
762220,Afterparty,4.4,False
1721170,What Lies in the Multiverse,4.4,False
1493360,Clouzy!,4.4,False
418270,Draw Slasher,4.4,False
437160,The Lion's Song,4.4,False
257510,The Talos Principle,4.3,False
270810,Jones On Fire,4.3,False
783050,Bear With Me - Collector's Edition,4.3,False
115800,Owlboy,4.3,False
323320,Grow Home,4.3,False
421050,Deponia Doomsday,4.3,False
91200,Anomaly Warzone Earth,4.3,False
1075190,A Game of Thrones: The Board Game,4.3,False
1641890,Lust from Beyond: M Edition,4.3,False
209790,Splice,4.3,False
391720,Layers of Fear (2016),4.3,False
529660,Mages of Mystralia,4.3,False
1248840,Sephonie,4.3,False
286570,F1 2015,4.3,False
760320,Gunman Tales,4.3,False
493540,Figment,4.3,False
492500,Heroes of the Monkey Tavern,4.3,False
248820,Risk of Rain (2013),4.3,False
578330,LEGO® City Undercover,4.3,False
375820,Human Resource Machine,4.3,False
214510,LEGO® The Lord of the Rings™,4.3,False
290260,Sokobond,4.3,False
441380,PAC-MAN™ CHAMPIONSHIP EDITION 2,4.3,False
308040,Back to Bed,4.3,False
582500,We Were Here,4.2,False
418670,Pankapu,4.2,False
489520,Minion Masters,4.2,False
962580,Summer in Mara,4.2,False
260160,The Last Tinker: City of Colors,4.2,False
253390,Hot Tin Roof: The Cat That Wore A Fedora,4.2,False
218640,Lucius,4.2,False
216110,Tiny Troopers,4.1,False
803330,Destroy All Humans!,4.1,False
331480,Pinstripe,4.1,False
384190,ABZÛ,4.1,False
1096410,Vampire: The Masquerade - Coteries of New York,4.1,False
201810,Wolfenstein: The New Order,4.1,False
397950,Clustertruck,4.1,False
606280,Darksiders III,4.1,False
289690,Lara Croft and the Temple of Osiris,4.1,False
395570,We Are The Dwarves,4.1,False
1013310,Peaky Blinders: Mastermind,4.1,False
915310,SNKRX,4.1,False
645820,Odysseus Kosmos and his Robot Quest: Adventure Game,4.1,False
326410,Windward,4.1,False
909080,Cube Escape: Paradox,4.1,False
374320,DARK SOULS™ III,4.1,False
764790,The Messenger,4.1,False
576500,Evergarden,4.0,False
1137350,Filament,4.0,False
743890,Mega Man X Legacy Collection,4.0,False
488790,South Park The Fractured But Whole,4.0,False
281750,Munin,4.0,False
227000,Primordia,4.0,True
463150,BARRIER X,4.0,False
950670,Gothic Playable Teaser,4.0,False
434650,Lost Castle,4.0,False
32460,Monkey Island 2: Special Edition,4.0,True
846870,Yooka-Laylee and the Impossible Lair,4.0,False
785740,This Is the Police 2,4.0,False
1020470,Evoland Legendary Edition,4.0,False
750290,Slice of Sea,4.0,False
486990,Jump Stars,3.9,False
1510620,Sokpop S10: Pocket Watch,3.9,False
425210,Shadwen,3.9,False
976700,Size Matters,3.9,False
547820,Kitten Squad,3.9,False
1253190,"Warhammer 40,000: Dakka Squadron - Flyboyz Edition",3.9,False
874260,The Forgotten City,3.9,True
1794680,Vampire Survivors,3.9,False
1249110,Skully,3.9,False
1356280,Kitaria Fables,3.9,False
265590,The Red Solstice,3.9,False
1608550,Firegirl: Hack 'n Splash Rescue,3.9,False
22610,Alien Breed: Impact,3.9,False
584980,Late Shift,3.9,False
1599600,PlateUp!,3.9,False
242780,Cognition: An Erica Reed Thriller,3.9,False
1880890,Lost Ember VR Edition,3.9,False
264520,Moebius: Empire Rising,3.9,False
1904860,Legends of Kingdom Rush,3.9,False
200940,Sonic CD,3.9,False
824600,HROT,3.9,False
220,Half-Life 2,3.9,False
283180,The Samaritan Paradox,3.9,False
447020,Farming Simulator 17,3.8,False
356570,Party Hard,3.8,False
206370,Tales from Space: Mutant Blobs Attack,3.8,False
384500,Zombie Party,3.8,False
629090,Horace,3.8,False
1369320,Virtual Cottage,3.8,False
552500,Warhammer: Vermintide 2,3.8,False
388210,Day of the Tentacle Remastered,3.8,True
822640,Squids Odyssey,3.8,False
263460,Girls Like Robots,3.8,False
688420,Bad North,3.8,False
251110,INFRA,3.8,False
274170,Hotline Miami 2: Wrong Number,3.8,False
217920,Alien Rage - Unlimited,3.7,False
633360,Remothered: Tormented Fathers,3.7,False
249870,Scribblenauts Unmasked,3.7,False
564310,Serious Sam Fusion 2017 (beta),3.7,False
925570,The Uncertain: Light At The End,3.7,False
294750,Anomaly Defenders,3.7,False
747350,Hellblade: Senua's Sacrifice VR Edition,3.7,False
889910,Hell Pie,3.7,False
352240,The Westport Independent,3.7,False
462780,Darksiders Warmastered Edition,3.7,False
532210,Life is Strange 2,3.7,False
317100,Republique,3.7,False
1256670,Library Of Ruina,3.6,False
774201,Heaven's Vault,3.6,False
1211240,Trifox,3.6,False
914110,Narcos: Rise of the Cartels,3.6,False
311690,Enter the Gungeon,3.6,True
715560,Eastshade,3.6,False
271590,Grand Theft Auto V,3.6,False
704840,The Walking Vegetables,3.6,False
340520,Tallowmere,3.6,False
214550,Eets Munchies,3.6,False
316790,Grim Fandango Remastered,3.6,False
808090,"Bury me, my Love",3.6,False
465840,THE LAST BLADE,3.6,False
542050,Forgotton Anne,3.6,False
631570,Whispers of a Machine,3.6,True
530320,Wandersong,3.6,False
203830,The Dark Eye: Chains of Satinav,3.6,True
464340,Syberia 3,3.6,False
614090,Deadbeat Heroes,3.6,False
1287840,Disciples: Liberation,3.6,False
99300,Renegade Ops,3.6,False
6120,Shank,3.6,False
448510,Overcooked,3.6,True
658850,Do Not Feed the Monkeys,3.6,False
439800,Clouds & Sheep 2,3.6,False
209520,Mini Motor Racing EVO,3.6,False
548240,Demon Pit,3.5,False
1454730,Chenso Club,3.5,False
286690,Metro 2033 Redux,3.5,False
368430,Through the Woods,3.5,False
961620,Flashback,3.5,False
39140,FINAL FANTASY VII,3.5,False
593280,Cat Quest,3.5,False
636070,Corridor Z,3.5,False
1868070,Whispers in the West,3.5,False
311340,METAL GEAR SOLID V: GROUND ZEROES,3.5,False
1033950,Lamentum,3.5,False
250620,Among the Sleep,3.5,False
3830,Psychonauts,3.5,False
1140890,Morbid: The Seven Acolytes,3.5,False
237930,Transistor,3.4,False
789660,Buggos,3.4,False
238910,Bionic Dues,3.4,False
813630,Supraland,3.4,False
687260,Tokyo Dark,3.4,False
946050,Soda Dungeon 2,3.4,True
275610,"Warhammer 40,000: Kill Team",3.4,False
597760,Yuppie Psycho,3.4,False
584400,Sonic Mania,3.4,False
993790,Ancient Enemy,3.4,False
211160,Viking: Battle for Asgard,3.4,False
493200,RiME,3.4,False
655730,This Strange Realm Of Mine,3.4,False
1026160,Misadventures of Laura Silver,3.4,False
1052990,A Monster's Expedition,3.4,False
1010750,Blood: Fresh Supply,3.4,False
1120560,Sense - 不祥的预感: A Cyberpunk Ghost Story,3.4,False
405820,Turok,3.4,False
757310,Sable,3.4,False
234270,Ken Follett's The Pillars of the Earth,3.4,False
1176710,Space Crew: Legendary Edition,3.4,False
396710,The Adventure Pals,3.4,False
1205900,Alwa's Legacy,3.4,False
267490,Batman™: Arkham Origins Blackgate - Deluxe Edition,3.4,False
389850,Legacy of Dorn: Herald of Oblivion,3.4,False
252950,Rocket League,3.4,False
219150,Hotline Miami,3.4,False
1080750,Mutazione,3.4,False
418210,Metal Tales: Fury of the Guitar Gods,3.4,False
43110,Metro 2033,3.3,False
590380,Into the Breach,3.3,False
1045840,Intruders: Hide and Seek,3.3,False
633460,Tannenberg,3.3,False
558990,Opus Magnum,3.3,False
1511780,Last Call BBS,3.3,False
387010,FIVE: Guardians of David,3.3,False
355530,Last Word,3.3,False
512900,Streets of Rogue,3.3,False
35140,Batman: Arkham Asylum GOTY Edition,3.3,False
204060,Superbrothers: Sword & Sworcery EP,3.3,False
322210,"Guns, Gore & Cannoli",3.3,False
35130,Lara Croft and the Guardian of Light,3.3,False
314010,Boid,3.3,False
218680,Scribblenauts Unlimited,3.3,False
306670,Overlord: Fellowship of Evil,3.3,False
72000,Closure,3.3,False
209330,A Valley Without Wind,3.3,False
664320,Holy Potatoes! What the Hell?!,3.3,False
1210150,Ageless,3.3,False
1139280,The Big Con,3.3,False
209670,Cortex Command,3.3,False
1428710,The Tarnishing of Juxtia,3.3,False
455400,PAC-MAN 256,3.3,False
1230200,Pendula Swing - The Complete Journey,3.2,False
637100,Sonic Forces,3.2,False
24240,PAYDAY: The Heist,3.2,False
35480,Dwarfs!?,3.2,False
643880,Strikey Sisters,3.2,False
392070,Pumped BMX +,3.2,False
325060,Parallax,3.2,False
204450,Call of Juarez Gunslinger,3.2,False
733790,Not Tonight,3.2,False
409720,BioShock 2 Remastered,3.2,False
361230,Super Daryl Deluxe,3.2,False
248330,Dino Run DX,3.2,False
496390,Shiny,3.2,False
1616110,Glitch Busters,3.2,False
384740,CAT Interstellar,3.2,False
288470,Fable Anniversary,3.2,False
512300,Unbox,3.2,False
1695480,Hellblusser,3.2,False
350080,Wolfenstein: The Old Blood,3.2,False
50300,Spec Ops: The Line,3.2,False
1105500,Yakuza 4 Remastered,3.2,False
203650,SONIC THE HEDGEHOG 4 Episode II,3.2,False
569860,Thimbleweed Park,3.2,True
508180,Fly and Destroy,3.2,False
1104660,MO:Astray,3.2,False
399810,Call of Cthulhu,3.2,False
26500,Cogs,3.2,False
556280,Neon Prism,3.2,False
394310,Punch Club,3.2,False
878580,GARAGE: Bad Trip,3.2,False
102600,Orcs Must Die!,3.2,False
1160220,Paradise Killer,3.1,False
1574250,SPOOKWARE,3.1,False
388420,In Between,3.1,False
1454400,Cookie Clicker,3.1,False
401680,POSTAL Redux,3.1,False
335700,I am weapon: Revival,3.1,False
1140170,Arietta of Spirits,3.1,False
1730590,The Entropy Centre,3.1,False
496400,Renoir,3.1,False
307880,Savage Lands,3.1,False
1084640,Chicken Police,3.1,False
1459870,Sokpop S09: King Pins,3.1,False
366270,SHOCK TROOPERS,3.1,False
210950,Rune Classic,3.1,False
367520,Hollow Knight,3.1,False
382140,SKYHILL,3.1,False
55230,Saints Row: The Third,3.1,False
1356580,Guild of Darksteel,3.1,False
312230,Spirits of Xanadu,3.1,False
335670,LISA,3.1,False
792100,7 Billion Humans,3.1,False
243120,Betrayer,3.1,False
448320,GIBZ,3.1,False
444590,Skautfold: Shrouded in Sanity,3.0,False
314410,Rampage Knights,3.0,False
204240,The Bridge,3.0,False
427700,Zwei: The Ilvard Insurrection,3.0,False
1422410,Into the Pit,3.0,False
279480,Abalone,3.0,False
1687990,Clunky Hero,3.0,False
537800,Bomber Crew,3.0,False
251850,Master Reboot,3.0,False
70620,Worms Crazy Golf,3.0,False
294230,Millie,3.0,False
573130,Aporia: Beyond The Valley,3.0,False
403940,Dungelot : Shattered Lands,3.0,False
1221250,NORCO,3.0,False
307580,Technobabylon,3.0,True
1674640,XEL,3.0,False
941570,Relicta,3.0,False
545270,NBA Playgrounds,3.0,False
306760,Obduction,3.0,False
116100,Super Toy Cars,3.0,False
1252710,Cardaclysm,3.0,False
927380,Yakuza Kiwami 2,3.0,False
55100,Homefront,3.0,False
272890,Vertiginous Golf,3.0,False
35320,Insane 2,3.0,False
2342950,God Of Weapons,3.0,False
906100,Observation,3.0,False
538840,City Climber,3.0,False
440,Team Fortress 2,3.0,False
555000,GOAT OF DUTY,3.0,False
239430,Q.U.B.E: Director's Cut,3.0,False
865610,Tails Noir,3.0,False
40420,Tidalis,3.0,False
966330,Flower,3.0,False
263400,War of the Human Tanks,2.9,False
368230,Kingdom: Classic,2.9,False
226840,Age of Wonders III,2.9,False
404050,Black & White Bushido,2.9,False
211420,DARK SOULS™: Prepare To Die Edition,2.9,False
1320490,Princess Farmer,2.9,False
405830,Turok 2: Seeds of Evil,2.9,False
596380,Coffee Crisis,2.9,False
966720,Pumped BMX Pro,2.9,False
299950,GET EVEN,2.9,False
794540,Neo Cab,2.9,False
1137450,Encodya,2.9,False
388410,Darksiders II Deathinitive Edition,2.9,False
617290,Remnant: From the Ashes,2.9,False
459090,Masquerada: Songs and Shadows,2.9,False
378830,The Princess' Heart,2.9,False
670350,The Free Ones,2.9,False
428660,Deliver Us The Moon,2.9,False
435100,2Dark,2.9,False
887720,Devil's Hunt,2.9,False
784080,MechWarrior 5: Mercenaries,2.9,False
298600,Lovely Planet,2.9,False
347000,InnerSpace,2.9,False
870780,Control Ultimate Edition,2.9,False
1231950,The Innsmouth Case,2.9,False
70000,Dino D-Day,2.8,False
8190,Just Cause 2,2.8,False
609320,FAR: Lone Sails,2.8,False
263860,SPACECOM,2.8,False
493900,Dungeons 3,2.8,False
237850,Dreamfall Chapters,2.8,False
339340,Resident Evil 0,2.8,False
418300,Wick,2.8,False
455820,Omensight,2.8,False
971160,Möbius Front '83,2.8,False
428550,Momodora: Reverie Under the Moonlight,2.8,False
601430,The Evil Within 2,2.8,False
250900,The Binding of Isaac: Rebirth,2.8,False
504130,Manual Samuel - Anniversary Edition,2.8,False
598700,The Vagrant,2.8,False
244890,Velocity®Ultra,2.8,False
1413660,Elderand,2.8,False
1721870,Neon Sundown,2.8,False
258220,Blood Knights,2.8,False
1403830,Paper Beast - Folded Edition,2.8,False
534550,Guacamelee! 2,2.8,False
826740,Rise of the Slime,2.8,False
577670,Demolish & Build 2018,2.8,False
437630,State of Mind,2.7,False
320140,Absolute Drift,2.7,False
227780,Serious Sam Classics: Revolution,2.7,False
492220,Bohemian Killing,2.7,False
206420,Saints Row IV,2.7,False
378610,Valley,2.7,False
777880,Fluffy Horde,2.7,False
1067540,Röki,2.7,False
876650,Aground,2.7,False
307690,Sleeping Dogs: Definitive Edition,2.7,False
417430,Moto Racer  4,2.7,False
731490,Crash Bandicoot™ N. Sane Trilogy,2.7,False
1304420,Super Cable Boy,2.7,False
1410640,Syberia - The World Before,2.7,False
366260,METAL SLUG 2,2.7,False
736260,Baba Is You,2.7,False
261110,Killer is Dead,2.7,False
586240,Soul Searching,2.7,False
236870,HITMAN™,2.7,False
269670,BADLAND: Game of the Year Edition,2.7,False
400080,Out of Space,2.7,False
611500,Quake Champions,2.6,False
1088710,Yakuza 3 Remastered,2.6,False
757300,Truberbrook,2.6,False
336030,Race.a.bit,2.6,False
304240,Resident Evil,2.6,False
24420,Aquaria,2.6,False
644830,The Surge 2,2.6,False
226740,Monster Loves You!,2.6,False
787480,Phoenix Wright: Ace Attorney Trilogy,2.6,False
573320,Underhero,2.6,False
409320,Syndrome,2.6,False
251170,Damned,2.6,False
35700,Trine,2.6,False
203750,Binary Domain,2.6,False
438640,LEGO® STAR WARS™: The Force Awakens,2.6,False
269790,DreadOut,2.6,False
214560,Mark of the Ninja,2.6,False
71250,Sonic Adventure DX,2.6,False
798490,Othercide,2.6,False
317280,Solstice,2.6,False
555150,The First Tree,2.6,False
374900,Agatha Christie - The ABC Murders,2.6,False
8850,BioShock 2,2.6,False
714250,Eternity: The Last Unicorn,2.6,False
222480,Resident Evil Revelations,2.6,False
310060,Knights of Pen and Paper 2,2.6,False
710920,Darksiders Genesis,2.6,False
904360,Family Man,2.6,False
922710,Knightin'+,2.6,False
71230,Crazy Taxi,2.6,False
360740,Downwell,2.6,False
108500,Vessel,2.6,False
631980,Immortal Planet,2.6,False
1234940,Astronarch,2.6,False
465280,Yesterday Origins,2.6,False
951940,Almost There: The Platformer,2.6,False
453910,Love is Dead,2.6,False
677880,Draw Your Game,2.6,False
240,Counter-Strike: Source,2.6,False
251570,7 Days to Die,2.6,False
1232150,A Little Golf Journey,2.6,False
1328670,Mass Effect™ Legendary Edition,2.6,False
231310,MirrorMoon EP,2.5,False
34870,Sniper Ghost Warrior 2,2.5,False
500,Left 4 Dead,2.5,False
221910,The Stanley Parable,2.5,False
425670,Seraph,2.5,False
363970,Clicker Heroes,2.5,True
255340,Escape Goat 2,2.5,False
287290,Resident Evil Revelations 2,2.5,False
238320,Outlast,2.5,False
238630,Fist Puncher,2.5,False
350740,The Bug Butcher,2.5,False
447290,Redeemer,2.5,False
384110,Pathologic Classic HD,2.5,False
202530,SONIC THE HEDGEHOG 4 Episode I,2.5,False
314830,Blackguards 2,2.5,False
38740,EDGE,2.5,False
244160,Homeworld Remastered Collection,2.5,False
797410,Headsnatchers,2.5,False
587620,Okami HD,2.5,False
1086010,198X,2.5,False
464100,Codex of Victory,2.5,False
1058320,Toki,2.5,False
1168880,MOLEK-SYNTEZ,2.5,False
1635450,Longvinter,2.5,False
300,Day of Defeat: Source,2.5,False
1103730,Shing!,2.5,False
654050,JYDGE,2.5,False
1678430,PowerSlave Exhumed,2.5,False
522210,Serial Cleaner,2.5,False
944010,SWINE HD Remaster,2.5,False
588430,Fallout Shelter,2.5,False
457760,The Signal From Tölva,2.4,False
899310,Iron Danger,2.4,False
578930,LOVE 2: kuso,2.4,False
318230,Convoy,2.4,False
241260,Sherlock Holmes: Crimes and Punishments,2.4,False
242640,Styx: Master of Shadows,2.4,False
212050,Resonance,2.4,True
544330,Snake Pass,2.4,False
460950,Katana ZERO,2.4,False
844590,Hypnospace Outlaw,2.4,False
4000,Garry's Mod,2.4,False
524580,Fairy Fencer F Advent Dark Force,2.4,False
240720,Getting Over It with Bennett Foddy,2.4,False
1222700,A Way Out,2.4,False
1325900,Demon Turf,2.4,False
1142100,WWE 2K BATTLEGROUNDS,2.4,False
1172380,STAR WARS Jedi: Fallen Order™,2.4,False
115120,Iron Brigade,2.4,False
620,Portal 2,2.4,False
1557860,Gear.Club Unlimited 2 Ultimate Edition,2.4,False
892860,Hot Brass,2.4,False
774361,Blasphemous,2.4,False
812550,The King's Bird,2.4,False
968550,Tinytopia,2.4,False
235210,Strider,2.4,False
326840,Heart&Slash,2.4,False
403640,Dishonored 2,2.4,False
347830,Fairy Fencer F,2.4,False
1000010,Crown Trick,2.4,False
1390010,Sokpop S09: pyramida,2.4,False
400,Portal,2.4,False
1360390,Cats and the Other Lives,2.4,False
65930,The Bureau: XCOM Declassified,2.4,False
390730,Sora,2.4,False
262210,Last Knight: Rogue Rider Edition,2.4,False
1142390,Remothered: Broken Porcelain,2.4,False
489830,The Elder Scrolls V: Skyrim Special Edition,2.4,False
224480,Octodad: Dadliest Catch,2.4,False
600630,Spaceship Looter,2.4,False
241320,Ittle Dew,2.4,False
1367590,Tormented Souls,2.4,False
201790,Orcs Must Die! 2,2.3,False
275670,Space Run,2.3,False
761620,Beholder 2,2.3,False
50620,Darksiders,2.3,False
313340,Mountain,2.3,False
560130,Pillars of Eternity II: Deadfire,2.3,False
1303990,Mini Motor Racing X,2.3,False
546900,Fear Effect Sedna,2.3,False
827610,Dead End Job,2.3,False
580170,My Lovely Daughter,2.3,False
284410,Cornerstone: The Song Of Tyrim,2.3,False
367540,Starbound - Unstable,2.3,False
108710,Alan Wake,2.3,False
1454640,A Tale of Paper,2.3,False
572220,MageQuit,2.3,False
208670,Blades of Time,2.3,False
847360,Super Lucky's Tale,2.3,False
1284410,GWENT: The Witcher Card Game,2.3,False
809870,Ninjin: Clash of Carrots,2.3,False
658700,V-Rally 4,2.3,False
329440,Sonic Lost World,2.3,False
471550,Nine Parchments,2.3,False
1538850,Grotto,2.3,False
475550,Beholder,2.3,False
432010,World's Dawn,2.3,False
433550,DARQ,2.3,False
717310,Aggelos,2.3,False
1530,Multiwinia,2.3,False
1332010,Stray,2.3,False
1269950,Buddy Simulator 1984,2.3,False
1148650,The Legend of Bum-Bo,2.3,False
668550,8Doors: Arum's Afterlife Adventure,2.3,False
348820,FIM Speedway Grand Prix 15,2.3,False
80310,Gemini Rue,2.3,True
1181840,HIVESWAP: ACT 2,2.3,False
1298140,Fobia - St. Dinfna Hotel,2.3,False
646570,Slay the Spire,2.3,True
427520,Factorio,2.3,False
319540,A Year Of Rain,2.3,False
1079830,Cris Tales,2.3,False
1966900,20 Minutes Till Dawn,2.3,False
322680,BLACKHOLE,2.3,False
450670,Table Top Racing: World Tour,2.3,False
35460,The Ball,2.3,False
865940,SNK 40th Anniversary Collection,2.3,False
203730,Q.U.B.E.,2.3,False
262690,Little Racers STREET,2.3,False
102840,Shank 2,2.3,False
732810,Slipstream,2.2,False
354400,Tadpole Treble,2.2,False
834530,Yakuza Kiwami,2.2,False
1146310,Beyond a Steel Sky,2.2,False
252850,Streamline,2.2,False
359100,Q.U.B.E. 2,2.2,False
246920,Bombernauts,2.2,False
255870,PixelJunk™ Shooter,2.2,False
934780,American Fugitive,2.2,False
485030,PLANET ALPHA,2.2,False
1243160,The Galactic Junkers,2.2,False
1850570,DEATH STRANDING DIRECTOR'S CUT,2.2,False
315340,A.R.E.S. Extinction Agenda EX,2.2,False
844050,Desert Child,2.2,False
314790,Silence,2.2,False
1718130,SCP : Secret Files,2.2,False
635390,Thief of Thieves: Season One,2.2,False
208750,Apotheon,2.2,False
336940,Basingstoke,2.2,False
864540,FALLBACK,2.2,False
71340,Sonic Generations,2.2,False
1520760,Tyrant's Blessing,2.2,False
758330,Shenmue I & II,2.2,False
1085510,Garfield Kart - Furious Racing,2.2,False
243780,PixelJunk™ Monsters Ultimate,2.2,False
388880,Oxenfree,2.2,False
234140,Mad Max,2.2,False
1389550,Mind Scanners,2.2,False
236730,Anomaly 2,2.2,False
232970,Thunder Wolves,2.2,False
216910,Of Orcs And Men,2.2,False
242820,140,2.2,False
496730,Sorcerer King: Rivals,2.2,False
416600,Full Metal Furies,2.2,False
514620,Ellipsis,2.2,False
528230,SYNTHETIK,2.2,False
318600,The Flame in the Flood,2.2,False
1291010,Warpips,2.2,False
98400,Hard Reset,2.2,False
212680,FTL: Faster Than Light,2.2,False
1338330,Lemon Cake,2.2,False
531930,Dungeon Rats,2.2,False
571310,SteamWorld Dig 2,2.2,False
603530,A Robot Named Fight,2.2,False
917840,Wintermoor Tactics Club,2.2,False
522740,Oh My Godheads,2.2,False
609110,Blazing Chrome,2.2,False
224860,Arma Tactics,2.1,False
200260,Batman: Arkham City GOTY,2.1,False
233130,Shadow Warrior,2.1,False
716640,Sigma Theory,2.1,False
22230,Rock of Ages,2.1,False
1127970,Retro Machina,2.1,False
1106530,GemCraft - Frostborn Wrath,2.1,False
242700,Injustice: Gods Among Us Ultimate Edition,2.1,False
393520,Iconoclasts,2.1,False
353640,Train Valley,2.1,False
761030,EARTHLOCK,2.1,False
431650,Phoning Home,2.1,False
460340,Guards,2.1,False
481180,System Crash,2.1,False
1073320,Meteorfall: Krumit's Tale,2.1,False
351510,Quiplash,2.1,False
444930,Zaccaria Pinball,2.1,False
698790,Paper Fire Rookie,2.1,False
41070,Serious Sam 3: BFE,2.1,False
383180,Dead Island Riptide Definitive Edition,2.1,False
247660,Deadly Premonition: The Director's Cut,2.1,False
704200,The Chronicles of Nyanya,2.1,False
1063660,Bendy and the Dark Revival,2.1,False
1444350,House,2.1,False
926390,Infected Shelter,2.1,False
551450,Furious Angels,2.1,False
312610,METAL SLUG X,2.1,False
737800,F1 2018,2.1,False
18070,The Baconing,2.1,False
556740,Legrand Legacy,2.1,False
1061180,Crumble,2.1,False
681730,Nowhere Prophet,2.1,False
999220,Amnesia: Rebirth,2.1,False
287700,METAL GEAR SOLID V: THE PHANTOM PAIN,2.1,False
225540,Just Cause 3,2.1,False
874040,Ministry of Broadcast,2.1,False
301560,White Night,2.1,False
214770,Guacamelee! Gold Edition,2.1,False
366870,Narcosis,2.1,False
914750,Bee Simulator,2.1,False
787400,Fantasy Versus,2.1,False
587260,Tokyo Xanadu eX+,2.1,False
496300,Kingdom: New Lands,2.1,False
366250,METAL SLUG,2.1,False
381870,Koala Kids,2.1,False
618970,Outcast - Second Contact,2.1,False
48000,LIMBO,2.1,False
268870,Satellite Reign,2.1,False
1433860,The Amazing American Circus,2.0,False
489260,Brut@l,2.0,False
1573090,Impaler,2.0,False
262280,Dungeons 2,2.0,False
261530,Lifeless Planet,2.0,False
332530,Shutshimi,2.0,False
861540,Dicey Dungeons,2.0,False
384360,Fingered,2.0,False
519860,DUSK,2.0,False
1712840,Tiny Tina's Assault on Dragon Keep: A Wonderlands One-shot Adventure,2.0,False
18700,And Yet It Moves,2.0,False
499890,Aaero,2.0,False
225260,Brütal Legend,2.0,False
622680,Mayhem in Single Valley,2.0,False
264240,CONSORTIUM 2014,2.0,False
1147890,Bonfire Peaks,2.0,False
497700,Safety First!,2.0,False
1312960,Epic Chef,2.0,False
361990,Lakeview Cabin Collection,2.0,False
793360,Big Crown Showdown,2.0,False
250400,How to Survive,2.0,False
782140,Re-Legion,2.0,False
411300,ELEX,2.0,False
414700,Outlast 2,2.0,False
897450,The Survivalists,2.0,False
1891090,Final Vendetta,2.0,False
377970,Void & Meddler,2.0,False
34830,Sniper: Ghost Warrior,2.0,False
351990,Riff Racer,2.0,False
1205170,Super Magbot,2.0,False
339580,Ember,2.0,False
1582680,"Trolley Problem, Inc.",2.0,False
471010,Seven: Enhanced Edition,2.0,False
953370,ZED,2.0,False
296490,GemCraft - Chasing Shadows,2.0,False
368360,60 Seconds!,2.0,False
321040,DiRT 3 Complete Edition,2.0,False
1282730,Loop Hero,2.0,False
1590910,Forgive Me Father,2.0,False
564940,Alone With You,2.0,False
329380,Stealth Inc 2,2.0,False
266110,Tower of Guns,2.0,False
338170,Ratz Instagib 2.0,2.0,False
460790,Bayonetta,2.0,False
878670,Shenmue III,2.0,False
447700,Crystal Crisis,2.0,False
580200,Yonder: The Cloud Catcher Chronicles,2.0,False
365160,Kona,2.0,False
640340,Serious Sam: Tormental,2.0,False
505630,Let Them Come,2.0,False
765880,The Occupation,2.0,False
978460,Emily is Away <3,2.0,False
1510580,Toy Tinker Simulator,1.9,False
570710,Extinction,1.9,False
274270,NOT A HERO,1.9,False
254440,Pool Nation,1.9,False
246960,Giana Sisters: Twisted Dreams - Rise of the Owlverlord,1.9,False
239250,Castlevania: Lords of Shadow 2,1.9,False
436500,Diaries of a Spaceport Janitor,1.9,False
302850,Team Indie,1.9,False
268990,The Dishwasher: Vampire Smile,1.9,False
1209490,Exit the Gungeon,1.9,False
208140,ENDLESS™ Space - Definitive Edition,1.9,False
490950,Frost,1.9,False
960910,Heavy Rain,1.9,False
232750,Mars: War Logs,1.9,False
403120,THE GAME OF LIFE,1.9,False
572430,Party Hard 2,1.9,False
1069690,Rogue Lords,1.9,False
686200,Door Kickers: Action Squad,1.9,False
1037910,Paw Paw Paw,1.9,False
400160,Concrete Jungle,1.9,False
809890,Shining Resonance Refrain,1.9,False
775500,SCARLET NEXUS,1.9,False
329050,Devil May Cry 4 Special Edition,1.9,False
221260,Little Inferno,1.9,False
441350,Assault Suit Leynos,1.9,False
1929870,Nomad Survival,1.9,False
305050,Outland,1.9,False
1902850,Dreams in the Witch House,1.9,False
622890,NecroWorm,1.9,False
859570,Secret Neighbor,1.9,False
407810,Hard Reset Redux,1.9,False
1265850,Sokpop S07: Chatventures,1.9,False
619280,Gloom,1.9,False
510620,THOTH,1.9,False
205910,Tiny and Big: Grandpa's Leftovers,1.9,False
437900,Party Jousting,1.9,False
435530,The Final Station,1.9,False
1056180,Cathedral,1.9,False
457210,SEUM: Speedrunners from Hell,1.9,False
63380,Sniper Elite V2,1.9,False
222640,Aarklash: Legacy,1.9,False
322500,SUPERHOT,1.9,False
274520,Darkwood,1.8,False
312200,Chasm,1.8,False
303800,The Witcher Adventure Game,1.8,False
409710,BioShock Remastered,1.8,False
1792250,Serious Sam: Siberian Mayhem,1.8,False
1506440,Batora: Lost Haven,1.8,False
282210,Sid Meier's Starships,1.8,False
451020,Battle Chasers: Nightwar,1.8,False
1229420,Company of Crime,1.8,False
15560,AaaaaAAaaaAAAaaAAAAaAAAAA!!! for the Awesome,1.8,False
20920,The Witcher 2: Assassins of Kings Enhanced Edition,1.8,False
57300,Amnesia: The Dark Descent,1.8,False
285900,Gang Beasts,1.8,False
938860,"Get In The Car, Loser!",1.8,False
423620,Hero Defense,1.8,False
994220,NEOVERSE,1.8,False
719750,PUSS!,1.8,False
323060,Tharsis,1.8,False
550450,Sparkle Unleashed,1.8,False
858820,Tribes of Midgard,1.8,False
1115050,Will You Snail?,1.8,False
49540,Aliens: Colonial Marines,1.8,False
251150,The Legend of Heroes: Trails in the Sky,1.8,False
460220,Xenoraid,1.8,False
355790,Styx: Shards of Darkness,1.8,False
919410,Felix the Reaper,1.8,False
398850,Epistory - Typing Chronicles,1.8,False
353580,Rad Rodgers: World One,1.8,False
366280,TWINKLE STAR SPRITES,1.8,False
210770,Sanctum 2,1.8,False
28050,Deus Ex: Human Revolution,1.8,False
442070,Drawful 2,1.8,False
633950,Fall of Light: Darkest Edition,1.8,False
626580,Spellspire,1.8,False
794600,LET IT DIE,1.8,False
384310,Dead In Bermuda,1.8,False
1710170,Blade of Darkness,1.8,False
265300,Lords Of The Fallen,1.8,False
1370140,Kao the Kangaroo,1.8,False
41000,Serious Sam HD: The First Encounter,1.8,False
630030,War Tech Fighters,1.8,False
325090,Deep Dungeons of Doom,1.8,False
599140,Graveyard Keeper,1.8,False
280160,Aragami,1.8,False
42120,Lead and Gold - Gangs of the Wild West,1.8,False
239160,Thief,1.8,False
55110,Red Faction: Armageddon,1.8,False
508980,Crashday Redline Edition,1.8,False
829590,CryoFall,1.8,False
301640,Zombie Army Trilogy,1.8,False
631540,Community Inc,1.8,False
1455630,THE GAME OF LIFE 2,1.8,False
21100,F.E.A.R. 3,1.8,False
215470,Primal Carnage,1.8,False
252710,The Last Express Gold Edition,1.8,False
214490,Alien: Isolation,1.7,False
866140,Arise: A Simple Story,1.7,False
261640,Borderlands: The Pre-Sequel,1.7,False
346850,Chip's Challenge 1,1.7,False
310490,Crookz - The Big Heist,1.7,False
50650,Darksiders II,1.7,False
221810,The Cave,1.7,False
215510,Rocketbirds: Hardboiled Chicken,1.7,False
429620,Dungeon Rushers,1.7,False
211400,Deadlight,1.7,False
268050,The Evil Within,1.7,False
203160,Tomb Raider,1.7,False
1494260,Loot River,1.7,False
520670,Strikers Edge,1.7,False
22380,Fallout: New Vegas,1.7,False
517710,Redout: Enhanced Edition,1.7,False
938560,INMOST,1.7,False
617440,Juanito Arcade Mayhem,1.7,False
610370,Desperados III,1.7,False
314150,Double Dragon Trilogy,1.7,False
345390,King's Quest,1.7,False
588950,Kingsway,1.7,False
292030,The Witcher 3: Wild Hunt,1.7,False
416680,Zombie Night Terror,1.7,False
7800,Stubbs the Zombie in Rebel Without a Pulse,1.7,False
1325890,SILT,1.7,False
537340,Guts and Glory,1.7,False
253150,Halfway,1.7,False
328600,Frozen Synapse Prime,1.7,False
213610,Sonic Adventure™ 2,1.7,False
378540,The Surge,1.7,False
344740,CRYPTARK,1.7,False
1096180,Ato,1.7,False
234080,Castlevania: Lords of Shadow - Ultimate Edition,1.7,False
843260,The Bard's Tale Trilogy,1.7,False
253230,A Hat in Time,1.7,False
1138850,Heavenly Bodies,1.7,False
363600,Holy Potatoes! A Weapon Shop?!,1.7,False
1138660,Black Book,1.7,False
1272160,The Life and Suffering of Sir Brante,1.7,False
249650,Blackguards,1.7,False
1058280,Speed Limit,1.7,False
1250,Killing Floor,1.7,False
247020,"Cook, Serve, Delicious!",1.7,False
427290,Vampyr,1.7,False
317040,Strife: Veteran Edition,1.7,False
351920,Crazy Machines 3,1.7,False
703840,Animal Super Squad,1.7,False
466130,White Day: A Labyrinth Named School,1.7,False
1012880,60 Seconds! Reatomized,1.7,False
368340,CrossCode,1.7,False
757320,Atomicrops,1.7,False
563840,Lost Ember,1.7,False
368080,Aurion: Legacy of the Kori-Odan,1.7,False
1370050,Trek to Yomi,1.7,False
468000,Impact Winter,1.7,False
368730,No Time To Explain Remastered,1.7,False
503560,911 Operator,1.7,False
55150,"Warhammer 40,000: Space Marine - Anniversary Edition",1.7,False
1374970,Moonscars,1.6,False
446840,Splasher,1.6,False
231740,Knights of Pen and Paper +1,1.6,False
227480,God Mode,1.6,False
272470,The Incredible Adventures of Van Helsing II,1.6,False
1019450,Table Manners,1.6,False
461950,Beat Cop,1.6,False
263320,Saturday Morning RPG,1.6,False
813540,Scheming Through The Zombie Apocalypse: The Beginning,1.6,False
33600,Broken Sword 2 - the Smoking Mirror: Remastered,1.6,True
635200,Distrust,1.6,False
1768280,Ozymandias,1.6,False
1335790,Operation Tango,1.6,False
628200,The Invisible Hand,1.6,False
1098080,3000th Duel,1.6,False
261570,Ori and the Blind Forest,1.6,False
1092790,Inscryption,1.6,False
268910,Cuphead,1.6,False
640120,Youropa,1.6,False
437390,HoPiKo,1.6,False
245280,ENSLAVED™: Odyssey to the West™ Premium Edition,1.6,False
217140,Rise of the Triad,1.6,False
751820,Black Future '88,1.6,False
753420,Dungreed,1.6,False
774801,Crab Champions,1.6,False
1039360,Eyes in the Dark,1.6,False
792300,The Beast Inside,1.6,False
214870,Painkiller Hell & Damnation,1.6,False
396350,Bleed 2,1.6,False
434660,Octahedron: Transfixed Edition,1.6,False
791470,DYO,1.6,False
2113050,RUNGORE: Beginner Experience,1.6,False
960690,One Step From Eden,1.6,False
893680,Project Warlock,1.6,False
408410,X-Morph: Defense,1.6,False
105600,Terraria,1.6,False
557340,My Friend Pedro,1.6,False
557040,99Vidas,1.6,False
207650,A Virus Named TOM,1.6,False
1522820,Orcs Must Die! 3,1.6,False
297130,Titan Souls,1.6,False
582890,Estranged: The Departure,1.6,False
10680,Aliens vs. Predator,1.6,False
380750,Anima Gate of Memories,1.6,False
847370,Sunset Overdrive,1.6,False
935400,Alchemy Garden,1.6,False
1442170,KILLRUN,1.6,False
439310,Until I Have You,1.6,False
355130,MotoGP™15,1.6,False
460870,GOD EATER RESURRECTION,1.6,False
236110,Dungeon Defenders II,1.6,False
200390,Oil Rush,1.6,False
678960,CODE VEIN,1.6,False
209000,Batman™: Arkham Origins,1.6,False
407560,Killing Room,1.6,False
319970,The Detail,1.6,False
214790,The Basement Collection,1.6,False
243800,Gas Guzzlers Extreme,1.6,False
856210,bit Dungeon III,1.6,False
310560,DiRT Rally,1.6,False
427680,Zwei: The Arges Adventure,1.5,False
1267910,Melvor Idle,1.5,False
241410,CastleStorm,1.5,False
597860,Nightmare Boy,1.5,False
356190,Middle-earth™: Shadow of War™,1.5,False
1426010,STASIS: BONE TOTEM,1.5,False
428750,Neon Chrome,1.5,False
208650,Batman™: Arkham Knight,1.5,False
532190,Super Blood Hockey,1.5,False
107100,Bastion,1.5,False
576960,🧠 OUT OF THE BOX,1.5,False
204360,Castle Crashers,1.5,False
565170,Blade Strangers,1.5,False
675010,MudRunner,1.5,False
113200,The Binding of Isaac,1.5,False
252410,SteamWorld Dig,1.5,False
1405790,John Wick Hex,1.5,False
918950,Warborn,1.5,False
507490,Ashes of the Singularity: Escalation,1.5,False
382490,Relic Hunters Zero: Remix,1.5,False
63710,BIT.TRIP RUNNER,1.5,False
1237970,Titanfall® 2,1.5,False
247240,Volgarr the Viking,1.5,False
549260,Alwa's Awakening,1.5,False
1169740,Danger Scavenger,1.5,False
417290,Ghost of a Tale,1.5,False
602490,Blood Bowl: Death Zone,1.5,False
1453790,The Serpent Rogue,1.5,False
99700,NightSky,1.5,False
234390,Teleglitch: Die More Edition,1.5,False
91100,SkyDrift,1.5,False
513330,Party Hard Tycoon,1.5,False
514900,Observer,1.5,False
360430,Mafia III: Definitive Edition,1.5,False
621930,Attack of the Earthlings,1.5,False
505230,Pathologic 2,1.5,False
20500,Red Faction: Guerrilla Steam Edition,1.5,False
423810,Marooners,1.5,False
741510,The Hong Kong Massacre,1.5,False
1017900,Age of Empires: Definitive Edition,1.5,False
1058690,Signs of the Sojourner,1.5,False
330020,Children of Morta,1.5,False
896950,Jumanji: The Video Game,1.5,False
774241,Warhammer: Chaosbane,1.5,False
223100,Homefront: The Revolution,1.5,False
787810,Rogue Heroes: Ruins of Tasos,1.5,False
1896700,Wylde Flowers,1.5,False
718590,Dark Devotion,1.5,False
445870,Phantom Trigger,1.5,False
703880,Swords and Soldiers 2 Shawarmageddon,1.5,False
310510,Deathtrap,1.5,False
1252330,DEATHLOOP,1.5,False
1146230,DungeonTop,1.5,False
622650,Bendy and the Ink Machine,1.5,False
1123050,GRIME,1.5,False
484900,Aven Colony,1.5,False
256370,MXGP - The Official Motocross Videogame,1.5,False
238090,Sniper Elite 3,1.5,False
362890,Black Mesa,1.5,False
437570,GoNNER,1.5,False
48700,Mount & Blade: Warband,1.5,False
308420,Ziggurat,1.5,False
318530,Wings of Vi,1.5,False
2187290,Wall World,1.5,False
351100,Niffelheim,1.5,False
299380,Masquerade: The Baubles of Doom,1.5,False
238460,BattleBlock Theater,1.5,False
684410,Bridge Constructor Portal,1.5,False
1677740,Stumble Guys,1.5,False
970840,Overpass™,1.5,False
1049410,Superliminal,1.5,False
463980,Solitairica,1.5,False
976310,Mortal Kombat 11,1.5,False
233150,LUFTRAUSERS,1.5,False
975510,Panzer Paladin,1.5,False
412020,Metro Exodus,1.5,False
1489110,Zapling Bygone,1.4,False
285820,Action Henk,1.4,False
368680,Super Mutant Alien Assault,1.4,False
1082930,The Signifier Director's Cut,1.4,False
209190,Stealth Bastard Deluxe,1.4,False
219830,King Arthur's Gold,1.4,False
1525660,Sunblaze,1.4,False
1286680,Tiny Tina's Wonderlands,1.4,False
208580,STAR WARS™ Knights of the Old Republic™ II: The Sith Lords™,1.4,False
398030,Old School Musical,1.4,False
490450,Tokyo 42,1.4,False
252430,Dusty Revenge,1.4,False
691830,Avernum 3: Ruined World,1.4,False
949290,Winkeltje: The Little Shop,1.4,False
353190,Bombshell,1.4,False
215630,Demonicon,1.4,False
530950,Tower 57,1.4,False
251130,Chroma Squad,1.4,False
244090,Sid Meier's Ace Patrol: Pacific Skies,1.4,False
338390,The Technomancer,1.4,False
1102190,Monster Train,1.4,True
960990,Beyond: Two Souls,1.4,False
219640,Chivalry: Medieval Warfare,1.4,False
410710,System Shock: Enhanced Edition,1.4,False
405550,Jet Set Knights,1.4,False
463700,Super Cloudbuilt,1.4,False
207170,Legend of Grimrock,1.4,False
674940,Stick Fight: The Game,1.4,False
1907720,Autonauts vs Piratebots,1.4,False
207420,Wizorb,1.4,False
1186740,Kyle is Famous,1.4,True
1040420,Dreamscaper,1.4,False
984800,Automachef,1.4,False
585420,Trailmakers,1.4,False
703860,GRID (2019),1.4,False
210170,Spirits,1.4,False
265000,FORCED SHOWDOWN,1.4,False
375600,Air Brawl,1.4,False
244070,Sid Meier's Ace Patrol,1.4,False
590590,Remnants of Naezith,1.4,False
1414850,Nickelodeon All-Star Brawl,1.4,False
200210,Realm of the Mad God Exalt,1.4,False
394760,Dead Effect 2,1.4,False
323580,Jotun: Valhalla Edition,1.4,False
363930,Dead Age,1.4,False
396480,Battlevoid: Harbinger,1.4,False
110800,L.A. Noire,1.4,False
226620,Desktop Dungeons,1.4,False
980210,HordeCore,1.4,False
995980,Fae Tactics,1.4,False
1172650,INDUSTRIA,1.4,False
272620,Serious Sam's Bogus Detour,1.4,False
15750,Oddworld: Stranger's Wrath HD,1.4,False
524640,Asura: Vengeance Edition,1.4,False
1264520,Vibrant Venture,1.4,False
612390,Dandara: Trials of Fear Edition,1.4,False
361280,Turmoil,1.4,False
431940,Wildfire,1.4,False
1331910,Morkredd,1.4,False
1162700,Midnight Protocol,1.4,False
625910,Time Recoil,1.4,False
45740,Dead Rising 2,1.4,False
336140,Unavowed,1.4,True
26800,Braid,1.4,False
302510,Ryse: Son of Rome,1.4,False
39150,FINAL FANTASY VIII,1.3,False
771420,Primal Light,1.3,False
250700,Super Time Force Ultra,1.3,False
488300,Infinite Air with Mark McMorris,1.3,False
658690,Rage In Peace,1.3,False
661940,Regular Human Basketball,1.3,False
1194840,Frog Fractions: Game of the Decade Edition,1.3,False
246680,Secrets of Rætikon,1.3,False
244810,Foul Play,1.3,False
742300,Mega Man 11,1.3,False
8870,BioShock Infinite,1.3,False
1838290,LOUD,1.3,False
21690,Resident Evil 5,1.3,False
55040,Atom Zombie Smasher,1.3,False
489140,Mr Shifty,1.3,False
1115690,"Yes, Your Grace",1.3,False
1113000,Persona 4 Golden,1.3,False
445190,Expeditions: Viking,1.3,False
1060600,Lair of the Clockwork God,1.3,False
57690,Tropico 4,1.3,False
1270620,Project Chemistry,1.3,False
340580,Armed with Wings: Rearmed,1.3,False
500670,Tormentor❌Punisher,1.3,False
438490,GOD EATER 2 Rage Burst,1.3,False
329490,Phantom Breaker: Battle Grounds,1.3,False
49600,Beat Hazard,1.3,False
1311070,Greak: Memories of Azur,1.3,False
57900,Duke Nukem Forever,1.3,False
258010,Ring Runner: Flight of the Sages,1.3,False
1154810,Going Under,1.3,False
619780,The Swords of Ditto: Mormo's Curse,1.3,False
443810,This Is the Police,1.3,False
699170,Fell Seal: Arbiter's Mark,1.3,False
363420,Leap of Fate,1.3,False
397540,Borderlands 3,1.3,False
496620,Monster Slayers,1.3,False
40800,Super Meat Boy,1.3,False
257790,Riptide GP2,1.3,False
609920,Hotshot Racing,1.3,False
238260,Pinball Arcade,1.3,False
553210,"Warhammer 40,000: Space Wolf",1.3,False
424840,Little Nightmares,1.3,False
863550,HITMAN™ 2,1.3,False
1038250,DIRT 5,1.3,False
979690,The Ascent,1.3,False
48720,Mount & Blade: With Fire and Sword,1.3,False
415740,OmniBus,1.3,False
294860,Valkyria Chronicles™,1.3,False
418240,Shadow Tactics: Blades of the Shogun,1.3,False
94200,Jamestown,1.3,False
312530,Duck Game,1.3,False
540100,Imprisoned Light,1.3,False
910830,Rebel Galaxy Outlaw,1.3,False
1432050,Nobody Saves the World,1.3,False
208200,DOOM 3: BFG Edition,1.3,False
933160,Space Cows,1.3,False
571520,Kalaban,1.3,False
280180,Hover,1.3,False
2218750,Halls of Torment,1.3,False
826940,Maid of Sker,1.3,False
221040,Resident Evil 6,1.3,False
837880,You Suck at Parking® - Complete Edition,1.3,False
501590,Bulletstorm: Full Clip Edition,1.3,False
1003890,Blacksad,1.3,False
330820,2064: Read Only Memories,1.3,False
1571100,Passpartout 2: The Lost Artist,1.3,False
1531250,Defend the Rook,1.3,False
1486630,Intravenous,1.3,False
1008860,Repella Fella,1.3,False
403970,The Dwarves,1.3,False
377160,Fallout 4,1.3,False
405540,Ninja Senki DX,1.3,False
1590750,JARS,1.3,False
102500,Kingdoms of Amalur: Reckoning™,1.3,False
299480,Rogue Stormers,1.3,False
595140,Immortal Redneck,1.3,False
1061610,Tenderfoot Tactics,1.2,False
1388870,Arcade Paradise,1.2,False
352220,King of Dragon Pass,1.2,False
93200,Revenge of the Titans,1.2,False
1000030,"Cook, Serve, Delicious! 3?!",1.2,False
429330,Stikbold!,1.2,False
600130,Valfaris,1.2,False
241930,Middle-earth™: Shadow of Mordor™,1.2,False
1271700,HOT WHEELS UNLEASHED™,1.2,False
337320,Paint the Town Red,1.2,False
477730,Eador. Imperium,1.2,False
826600,I’m not a Monster,1.2,False
70600,Worms Ultimate Mayhem,1.2,False
338320,Pixel Heroes: Byte & Magic,1.2,False
203770,Crusader Kings II,1.2,False
1016790,West of Dead,1.2,False
323850,Move or Die,1.2,False
377840,FINAL FANTASY IX,1.2,False
1293180,SuchArt!,1.2,False
290300,Rebel Galaxy,1.2,False
232430,Gone Home,1.2,False
383150,Dead Island Definitive Edition,1.2,False
233190,Final Exam,1.2,False
760810,Retimed,1.2,False
505730,Holy Potatoes! We’re in Space?!,1.2,False
1080110,F1 2020,1.2,False
113020,Monaco,1.2,False
389140,Horizon Chase Turbo,1.2,False
760650,Hammerting,1.2,False
239350,Spelunky,1.2,False
474750,Reigns,1.2,False
474210,BUTCHER,1.2,False
361300,Mother Russia Bleeds,1.2,False
548570,RAGE 2,1.2,False
386940,Ultimate Chicken Horse,1.2,False
488730,God's Trigger,1.2,False
35720,Trine 2,1.2,False
15740,Oddworld: Munch's Oddysee,1.2,False
750920,Shadow of the Tomb Raider,1.2,False
383980,Rivals of Aether,1.2,False
1277500,Skeletal Avenger,1.2,False
1078920,Main Assembly,1.2,False
805660,Rad Rodgers,1.2,False
864680,Rover Mechanic Simulator,1.2,False
248610,Door Kickers,1.2,False
400630,Wuppo - Definitive Edition,1.2,False
1556870,Golf Club Nostalgia,1.2,False
370870,Dark Future: Blood Red States,1.2,False
517630,Just Cause 4,1.2,False
612570,Fort Triumph,1.2,False
575820,I Hate Running Backwards,1.2,False
297120,Heavy Bullets,1.2,False
22000,World of Goo,1.2,False
684270,Silicon Zeroes,1.2,False
527230,For The King,1.2,False
572890,Pikuniku,1.2,False
573120,Dead In Vinland,1.2,False
1101360,Rock of Ages 3: Make & Break,1.2,False
582270,Everything,1.2,False
570050,Raiden V: Director's Cut,1.2,False
371520,Bounty Train,1.2,False
717640,Reigns: Her Majesty,1.2,False
330660,Luna's Wandering Stars,1.2,False
2060130,Return to Monkey Island,1.2,False
570460,Laser League: World Arena,1.2,False
1139940,ATOM RPG Trudograd,1.2,False
860900,Bounty Battle,1.2,False
251230,Livelock,1.2,False
452570,Battle Chef Brigade,1.2,False
1135260,The Falconeer,1.2,False
503140,Dungeon Punks,1.2,False
667720,Red Faction Guerrilla Re-Mars-tered,1.2,False
367500,Dragon's Dogma: Dark Arisen,1.2,False
311720,Sproggiwood,1.2,False
329460,JumpJet Rex,1.2,False
680380,Night Call,1.2,False
499660,Medieval Kingdom Wars,1.2,False
638970,Yakuza 0,1.2,False
423580,Project Highrise,1.2,False
908480,Legends of Ethernal,1.2,False
423230,Furi,1.2,False
462770,Pyre,1.2,False
338330,Super Treasure Arena,1.2,False
848350,Katamari Damacy REROLL,1.1,False
502370,"Warhammer 40,000: Sanctus Reach",1.1,False
413150,Stardew Valley,1.1,False
476600,Call of Duty: WWII,1.1,False
369070,Slain: Back from Hell,1.1,False
793460,112 Operator,1.1,False
792710,Levelhead,1.1,False
505170,Carmageddon: Max Damage,1.1,False
603020,Skautfold: Usurper,1.1,False
321270,UNLOVED,1.1,False
332200,Axiom Verge,1.1,False
394970,DEADBOLT,1.1,False
387290,Ori and the Blind Forest: Definitive Edition,1.1,False
229810,A Fistful of Gun,1.1,False
753640,Outer Wilds,1.1,False
619390,Oddworld: Soulstorm Enhanced Edition,1.1,False
407600,Raiden Legacy,1.1,False
337000,Deus Ex: Mankind Divided™,1.1,False
314660,Oddworld: New 'n' Tasty,1.1,False
370360,TIS-100,1.1,False
463270,Ghost 1.0,1.1,False
404680,Hob,1.1,False
917720,Gamedec - Definitive Edition,1.1,False
452510,UNDER NIGHT IN-BIRTH Exe:Late,1.1,False
625680,Way of the Passive Fist,1.1,False
365190,TASTEE: Lethal Tactics,1.1,False
644640,Band of Defenders,1.1,False
298630,The Escapists,1.1,False
349790,Galaxy of Pen & Paper,1.1,False
346940,Shadowrun: Hong Kong - Extended Edition,1.1,False
271240,Offworld Trading Company,1.1,False
619150,while True: learn(),1.1,False
347290,Rise & Shine,1.1,False
559100,Phantom Doctrine,1.1,False
657000,Rising Hell,1.1,False
462250,Boiling Bolt,1.1,False
674520,Fight'N Rage,1.1,False
727850,ELDERBORN,1.1,False
324800,Shadow Warrior 2,1.1,False
543460,Dead Rising 4,1.1,False
458000,March of the Living,1.1,False
638000,When Ski Lifts Go Wrong,1.1,False
1258220,Song of Iron,1.1,False
233740,Organ Trail: Director's Cut,1.1,False
1577120,The Quarry,1.1,False
1091980,The Bard's Tale IV: Director's Cut,1.1,False
924970,Back 4 Blood,1.1,False
91700,E.Y.E: Divine Cybermancy,1.1,False
225600,Blade Symphony,1.1,False
1662570,Rescue Party: Live!,1.1,False
1361840,Tunnel of Doom,1.1,False
1390410,Midnight Fight Express,1.1,False
1033170,Talisman: Origins,1.1,False
1161580,Hardspace: Shipbreaker,1.1,False
29180,Osmos,1.1,False
215530,The Incredible Adventures of Van Helsing,1.1,False
345860,Super Galaxy Squadron EX Turbo,1.1,False
1597200,ConnecTank,1.1,False
1156510,Peachleaf Pirates,1.1,False
312670,Strange Brigade,1.1,False
973580,Sniper Ghost Warrior Contracts,1.1,False
1174180,Red Dead Redemption 2,1.1,False
940680,The Textorcist: The Story of Ray Bibbia,1.1,False
223510,Miasmata,1.1,False
1085630,VASARA Collection,1.1,False
230070,The Age of Decadence,1.1,False
1186040,Worms Rumble,1.1,False
1003090,Through The Darkest of Times,1.1,False
939850,The Dark Pictures Anthology: Man of Medan,1.1,False
1808640,Astronimo,1.1,False
420790,StarBreak,1.1,False
95300,Capsized,1.1,False
1139900,Ghostrunner,1.1,False
1867520,Homestead Arcana,1.1,False
212480,Sonic & All-Stars Racing Transformed Collection,1.1,False
266210,One Way Heroics,1.1,False
1455840,Dorfromantik,1.1,False
585710,Blazing Beaks,1.1,False
1114290,Windjammers 2,1.1,False
746940,Nippon Marathon,1.1,False
1238060,Dead Space™ 3,1.1,False
782330,DOOM Eternal,1.0,False
49520,Borderlands 2,1.0,False
824760,Deathtrap Dungeon Trilogy,1.0,False
238960,Path of Exile,1.0,False
600610,The Hand of Merlin,1.0,False
232790,Broken Age,1.0,True
391730,Crashlands,1.0,False
1364100,Lacuna,1.0,False
718650,Driftland: The Magic Revival,1.0,False
617480,Tower of Time,1.0,False
337180,Velocity 2X,1.0,False
606880,GreedFall,1.0,False
214730,Space Rangers HD: A War Apart,1.0,False
241600,Rogue Legacy,1.0,False
612880,Wolfenstein II: The New Colossus,1.0,False
230230,Divinity: Original Sin (Classic),1.0,False
844260,Rustler,1.0,False
319450,Chariot,1.0,False
1920490,The Outer Worlds: Spacer's Choice Edition,1.0,False
938380,Townsmen - A Kingdom Rebuilt,1.0,False
979070,Just Die Already,1.0,False
1520,DEFCON,1.0,False
294370,Crowntakers,1.0,False
983350,Sea Salt,1.0,False
516110,ToeJam & Earl: Back in the Groove,1.0,False
91600,Sanctum,1.0,False
882100,XCOM: Chimera Squad,1.0,False
871420,Lovecraft's Untold Stories,1.0,False
319470,Ninja Pizza Girl,1.0,False
432980,INVERSUS Deluxe,1.0,False
436290,Children of Zodiarcs,1.0,False
940710,Colt Canyon,1.0,False
379720,DOOM,1.0,False
964800,Prodeus,1.0,False
446020,Jalopy,1.0,False
740080,Deadly Days,1.0,False
332330,PixelJunk™ Shooter Ultimate,1.0,False
72200,Universe Sandbox Legacy,1.0,False
261760,Lichdom: Battlemage,1.0,False
626610,TT Isle of Man: Ride on the Edge,1.0,False
1037020,ScourgeBringer,1.0,False
429660,Tales of Berseria,1.0,False
460810,Vanquish,1.0,False
1108590,Eldest Souls,1.0,False
618740,Beat Hazard 2,1.0,False
305620,The Long Dark,1.0,False
581660,Super Meat Boy Forever,1.0,False
41900,The Bard's Tale,1.0,False
205100,Dishonored,1.0,False
671510,Desolate,1.0,False
263720,Brawlout,1.0,False
1324350,Turbo Golf Racing,1.0,False
553310,Lethal League Blaze,1.0,False
274190,Broforce,1.0,False
1151080,Legend of Keepers: Prologue,1.0,False
269310,Infectonator : Survivors,1.0,False
275100,Shelter 2,1.0,False
1022710,Conglomerate 451,1.0,False
1538570,Patron,1.0,False
366640,Shiness: The Lightning Kingdom,1.0,False
753590,Hellbound,1.0,False
250580,Paranautical Activity: Deluxe Atonement Edition,1.0,False
250180,METAL SLUG 3,1.0,False
264200,One Finger Death Punch,1.0,False
341800,Keep Talking and Nobody Explodes,1.0,False
396750,EVERSPACE™,1.0,False
391220,Rise of the Tomb Raider,1.0,False
363440,Mega Man Legacy Collection,1.0,False
1175460,Revita,1.0,False
246900,Viscera Cleanup Detail,1.0,False
1194630,The Dark Pictures Anthology: Little Hope,1.0,False
270050,Quest of Dungeons,1.0,False
586200,Street Fighter 30th Anniversary Collection,0.9,False
283680,Astebreed: Definitive Edition,0.9,False
200510,XCOM: Enemy Unknown,0.9,False
1004770,Maiden & Spell,0.9,False
307670,Hard West,0.9,False
1281590,The Dark Pictures Anthology: House of Ashes,0.9,False
1222370,Necromunda: Hired Gun,0.9,False
1045120,Brunch Club,0.9,False
404590,Vikings - Wolves of Midgard,0.9,False
746850,Cloudpunk,0.9,False
512250,Oh...Sir! The Insult Simulator,0.9,False
536560,CHAOS CODE -NEW SIGN OF CATASTROPHE-,0.9,False
1535780,Imp of the Sun,0.9,False
709440,Override,0.9,False
228960,Skulls of the Shogun,0.9,False
386620,"Cook, Serve, Delicious! 2!!",0.9,False
1427340,Witchy Life Story,0.9,False
747620,Joggernauts,0.9,False
1449560,Metro Exodus Enhanced Edition,0.9,False
915230,Zombie Rollerz: Pinball Heroes,0.9,False
323220,Vagante,0.9,False
1062830,Embr,0.9,False
473690,Absolver,0.9,False
365660,OlliOlli2: Welcome to Olliwood,0.9,False
1290000,PowerWash Simulator,0.9,True
471330,Versus Squad,0.9,False
312660,Sniper Elite 4,0.9,False
548430,Deep Rock Galactic,0.9,False
70300,VVVVVV,0.9,False
553260,Realpolitiks,0.9,False
239140,Dying Light,0.9,False
427250,8-Bit Armies,0.9,False
704000,GUNHEAD,0.9,False
562500,Warstone TD,0.9,False
415590,Earthfall,0.9,False
1011670,Totally Reliable Delivery Service,0.9,False
300550,Shadowrun: Dragonfall - Director's Cut,0.9,False
1110910,Mortal Shell,0.9,False
830370,Monster Crown,0.9,False
893180,Catherine Classic,0.9,False
811870,Verlet Swing,0.9,False
324740,The Warlock of Firetop Mountain,0.9,False
40100,Supreme Commander 2,0.9,False
597820,BIOMUTANT,0.9,False
496340,Fighting Fantasy Legends,0.9,False
394510,HELLDIVERS™,0.9,False
1383960,Nickelodeon Kart Racers 2: Grand Prix,0.9,False
1061880,Conan Chop Chop,0.9,False
1062110,UNSIGHTED,0.9,False
295670,Hive Jump,0.9,False
712190,Genesis Alpha One Deluxe Edition,0.9,False
34330,Total War: SHOGUN 2,0.9,False
368000,100ft Robot Golf,0.9,False
480490,Prey,0.9,False
233980,Unepic,0.9,False
1315980,Tin Can,0.9,False
266510,Hand of Fate,0.9,False
1083310,OUTBUDDIES DX,0.9,False
39160,Dungeon Siege III,0.9,False
231430,Company of Heroes 2,0.9,False
211820,Starbound,0.9,False
596970,Sunless Skies,0.9,False
492290,Has-Been Heroes,0.9,False
238370,Magicka 2,0.9,False
241760,Kill to Collect,0.9,False
1217060,Gunfire Reborn,0.9,False
857980,Void Bastards,0.9,False
1968730,Bounty of One,0.9,False
851670,LUMINES REMASTERED,0.9,False
222940,THE KING OF FIGHTERS XIII STEAM EDITION,0.9,False
738520,Breathedge,0.9,False
373650,The Assembly,0.9,False
249990,FORCED,0.9,False
250110,Assault Android Cactus,0.9,False
261180,Lethal League,0.9,False
300380,Road Redemption,0.9,False
318020,Act of Aggression,0.9,False
464060,RUINER,0.9,False
207140,SpeedRunners,0.9,False
340490,Subterrain,0.9,False
1209360,Monster Truck Championship,0.9,False
252630,Eldritch,0.9,False
1247360,Grand Mountain Adventure,0.9,False
310810,Shiftlings,0.9,False
404730,Wasteland 2: Director's Cut,0.8,False
367450,Poly Bridge,0.8,False
400020,Atari Vault,0.8,False
494430,Praey for the Gods,0.8,False
1056690,Drink More Glurp,0.8,False
270150,RUNNING WITH RIFLES,0.8,False
781480,Tech Support: Error Unknown,0.8,False
1815570,Aces and Adventures,0.8,False
779290,Stygian: Reign of the Old Ones,0.8,False
785850,Valthirian Arc: Hero School Story,0.8,False
384490,Necropolis,0.8,False
606730,Sine Mora EX,0.8,False
322290,Gurumin: A Monstrous Adventure,0.8,False
574090,MOTHERGUNSHIP,0.8,False
224820,Super House of Dead Ninjas,0.8,False
400450,NeuroVoider,0.8,False
56400,"Warhammer 40,000: Dawn of War II - Retribution",0.8,False
340150,Basement,0.8,False
208400,Avernum: Escape From the Pit,0.8,False
223220,Giana Sisters: Twisted Dreams,0.8,False
573600,Think of the Children,0.8,False
434460,Rock of Ages 2,0.8,False
607050,Wargroove,0.8,False
610160,Aeronautica Imperialis: Flight Command,0.8,False
1242980,KeyWe,0.8,False
978520,Legend of Keepers,0.8,False
585450,Shadows: Awakening,0.8,False
320240,We Happy Few,0.8,False
351970,Tales of Zestiria,0.8,False
242680,Nuclear Throne,0.8,False
1476170,Godstrike,0.8,False
663380,Tales from Candlekeep: Tomb of Annihilation,0.8,False
1035560,Struggling,0.8,False
511820,Le Havre: The Inland Port,0.8,False
289760,ROCKETSROCKETSROCKETS,0.8,False
320040,Moon Hunters,0.8,False
504210,SHENZHEN I/O,0.8,False
620590,Ancestors Legacy,0.8,False
1142080,Pawnbarian,0.8,False
34270,SEGA Mega Drive & Genesis Classics,0.8,False
446120,Bunker Punks,0.8,False
724680,Cosmo's Quickstop,0.8,False
1515950,Capcom Arcade Stadium,0.8,False
41500,Torchlight,0.8,False
471810,Death Squared,0.8,False
630720,Mana Spark,0.8,False
673880,"Warhammer 40,000: Mechanicus",0.8,False
465200,Fury Unleashed,0.8,False
788100,Neon Abyss,0.8,False
222440,THE KING OF FIGHTERS 2002 UNLIMITED MATCH,0.8,False
492720,Tropico 6,0.8,False
65980,Sid Meier's Civilization: Beyond Earth,0.8,False
628290,All Walls Must Fall,0.8,False
476360,Strike Vector EX,0.8,False
1194250,Screaming Chicken: Ultimate Showdown,0.8,False
200010,Quantum Conundrum,0.8,False
205730,Insanely Twisted Shadow Planet,0.8,False
1286350,BPM: BULLETS PER MINUTE,0.8,False
278100,RIVE,0.8,False
98800,Dungeons of Dredmor,0.8,False
657240,Tracks - The Train Set Game,0.8,False
973810,Journey To The Savage Planet,0.8,False
233720,Surgeon Simulator,0.8,False
1042780,Pine,0.8,False
1621690,Core Keeper,0.8,False
1294420,Rollerdrome,0.8,False
381120,Shoppe Keep,0.8,False
623940,HIVESWAP: ACT 1,0.8,False
926140,CHANGE: A Homeless Survival Experience,0.8,False
645630,Car Mechanic Simulator 2018,0.8,False
817540,SpellForce 3: Soul Harvest,0.8,False
916840,The Walking Dead: Saints & Sinners,0.8,False
435150,Divinity: Original Sin 2,0.8,False
1170080,Foretales,0.8,False
1244460,Jurassic World Evolution 2,0.8,False
447120,Where the Water Tastes Like Wine,0.7,False
1104330,Founders' Fortune,0.7,False
887450,Tunche,0.7,False
274250,OlliOlli,0.7,False
288100,MechRunner,0.7,False
291860,Pit People,0.7,False
1082180,TT Isle of Man: Ride on the Edge 2,0.7,False
358130,Curious Expedition,0.7,False
262750,GoD Factory: Wingmen,0.7,False
904400,Cardpocalypse,0.7,False
20570,"Warhammer 40,000: Dawn of War II - Chaos Rising",0.7,False
695970,Treadnauts,0.7,False
372360,Tales of Symphonia,0.7,False
1240050,Pendragon,0.7,False
278910,Interplanetary,0.7,False
452060,Caveblazers,0.7,False
326670,Warhammer Quest,0.7,False
641990,The Escapists 2,0.7,False
244210,Assetto Corsa,0.7,False
342310,RIOT - Civil Unrest,0.7,False
928600,F1 2019,0.7,False
333300,ADOM (Ancient Domains Of Mystery),0.7,False
321800,Icewind Dale: Enhanced Edition,0.7,False
373420,Divinity: Original Sin Enhanced Edition,0.7,False
704270,Generation Zero®,0.7,False
321360,Primal Carnage: Extinction,0.7,False
310790,Geometry Wars 3: Dimensions Evolved,0.7,False
379430,Kingdom Come: Deliverance,0.7,False
316010,Magic Duels,0.7,False
293260,Card Hunter,0.7,False
1120320,Builder Simulator,0.7,False
820630,Metal Wolf Chaos XD,0.7,False
928960,Godfall,0.7,False
276730,Tango Fiesta,0.7,False
257850,Hyper Light Drifter,0.7,False
1026420,WARSAW RISING: City of Heroes,0.7,False
716490,EXAPUNKS,0.7,False
704850,Thief Simulator,0.7,False
244730,Divekick,0.7,False
98200,Frozen Synapse,0.7,False
376300,GUILTY GEAR Xrd -SIGN-,0.7,False
600280,Supreme Ruler The Great War,0.7,False
22600,Worms Reloaded,0.7,False
571260,THE KING OF FIGHTERS XIV STEAM EDITION,0.7,False
1232570,Paper Beast,0.7,False
200900,Cave Story+,0.7,False
671440,Rise of Industry,0.7,False
1198510,Paperball,0.7,False
314710,Mighty No. 9,0.7,False
1374840,Dark Deity,0.7,False
459220,Halo Wars: Definitive Edition,0.7,False
1213210,Command & Conquer™ Remastered Collection,0.7,False
18820,Zero Gear,0.7,False
366910,The Long Journey Home,0.7,False
367080,Songbringer,0.7,False
681280,Descenders,0.7,False
666140,My Time at Portia,0.7,False
230410,Warframe,0.7,False
42910,Magicka,0.7,False
654880,Dream Daddy: A Dad Dating Simulator,0.7,False
243970,"Invisible, Inc.",0.7,False
397310,Looterkings,0.7,False
1318690,shapez,0.7,False
397340,SimplePlanes,0.7,False
1367300,Blade Assault,0.7,False
1656780,Hero's Hour,0.7,False
486720,Bastard Bonds,0.7,False
290340,Armello,0.7,False
1475810,Ghostwire: Tokyo,0.7,False
382050,Eon Altar,0.7,False
442120,Pinball FX3,0.7,False
218820,Mercenary Kings,0.7,False
1578160,Bots Are Stupid,0.7,False
420290,Blackwake,0.7,False
493340,Planet Coaster,0.7,False
559260,Wayward Souls,0.7,False
1132980,There Is No Light,0.7,False
268500,XCOM 2,0.7,False
1286830,STAR WARS™: The Old Republic™,0.6,False
628670,Hellpoint,0.6,False
939100,Darksburg,0.6,False
1251460,Tanuki Sunset,0.6,False
1944570,Boneraiser Minions,0.6,False
1144910,Space Gladiators,0.6,False
274290,Gods Will Be Watching,0.6,False
287980,Mini Metro,0.6,False
257350,Baldur's Gate II: Enhanced Edition,0.6,False
412450,The Black Death,0.6,False
546430,Pathway,0.6,False
253840,Shantae: Half-Genie Hero,0.6,False
235540,Warhammer: End Times - Vermintide,0.6,False
658980,Valnir Rok,0.6,False
583470,The End Is Nigh,0.6,False
301970,Screencheat,0.6,False
912570,BEAUTIFUL DESOLATION,0.6,False
621830,WRC 7,0.6,False
416790,The Metronomicon: Slay The Dance Floor,0.6,False
700600,Evil Genius 2,0.6,False
505640,Antihero,0.6,False
722560,RAD,0.6,False
396900,GRIP: Combat Racing,0.6,False
322190,SteamWorld Heist,0.6,False
1089350,NBA 2K20,0.6,False
691690,Ash of Gods: Redemption,0.6,False
356650,Death's Gambit: Afterlife,0.6,False
449960,Book of Demons,0.6,False
820520,Deceive Inc.,0.6,False
369990,"Gremlins, Inc.",0.6,False
359840,Shift Happens,0.6,False
324510,Boundless,0.6,False
230700,La-Mulana,0.6,False
234630,Project CARS,0.6,False
404540,Nex Machina,0.6,False
464920,Surviving Mars,0.6,False
95400,ibb & obb,0.6,False
375480,Chronicon,0.6,False
1119700,As Far As The Eye,0.6,False
375750,Invisigun Reloaded,0.6,False
598550,Huntdown,0.6,False
783170,INSOMNIA: The Ark,0.6,False
233610,Distance,0.6,False
200710,Torchlight II,0.6,False
1491340,Marble World,0.6,False
393430,Ice Lakes,0.6,False
319050,Chaos Reborn,0.6,False
345180,Victor Vran,0.6,False
394450,"Warhammer 40,000: Deathwatch - Enhanced Edition",0.6,False
437920,Tricky Towers,0.6,False
466300,Planescape: Torment: Enhanced Edition,0.6,False
303430,Roundabout,0.6,False
400180,Okhlos: Omega,0.6,False
736850,We. The Revolution,0.6,False
508440,Totally Accurate Battle Simulator,0.6,False
332310,LEGO® Worlds,0.6,False
476620,Call of Duty: WWII - Multiplayer,0.6,False
1045180,Shattered - Tale of the Forgotten King,0.6,False
606150,Moonlighter,0.6,False
349730,Popup Dungeon,0.6,False
574720,Little Big Workshop,0.6,False
233450,Prison Architect,0.6,False
506870,Unexplored,0.6,False
646270,60 Parsecs!,0.6,False
1419160,Souldiers,0.6,False
475150,Titan Quest Anniversary Edition,0.6,False
94400,Nidhogg,0.5,False
1090670,Orbi Universo,0.5,False
690790,DiRT Rally 2.0,0.5,False
650220,Interplanetary: Enhanced Edition,0.5,False
843380,Super Animal Royale,0.5,False
544750,SOULCALIBUR VI,0.5,False
386070,Planetary Annihilation: TITANS,0.5,False
487000,Quest Hunter,0.5,False
346010,Besiege,0.5,False
252610,Death Road to Canada,0.5,False
1329320,Seven Doors,0.5,False
230190,War for the Overworld,0.5,False
266840,Age of Mythology: Extended Edition,0.5,False
489460,The Last Leviathan,0.5,False
760060,Mutant Year Zero: Road to Eden,0.5,False
900010,Meeple Station,0.5,False
15620,"Warhammer 40,000: Dawn of War II",0.5,False
1943950,Escape the Backrooms,0.5,False
888530,Yaga,0.5,False
397060,Faeria,0.5,False
317620,Space Hulk Ascension,0.5,False
640820,Pathfinder: Kingmaker,0.5,False
245620,Tropico 5,0.5,False
401710,Flinthook,0.5,False
312520,Rain World,0.5,False
249050,Dungeon of the ENDLESS™,0.5,False
8930,Sid Meier's Civilization V,0.5,False
794240,Spinch,0.5,False
243160,Mushroom 11,0.5,False
287450,Rise of Nations: Extended Edition,0.5,False
362960,Tyranny,0.5,False
979120,Autonauts,0.5,False
1229380,Everhood,0.5,False
448850,Overload,0.5,False
456670,Hand of Fate 2,0.5,False
282070,This War of Mine,0.5,False
603960,Star of Providence,0.5,False
270450,Robot Roller-Derby Disco Dodgeball,0.5,False
824000,Hokko Life,0.5,False
286000,Tooth and Tail,0.5,False
1051960,Fly Punch Boom!,0.5,False
953880,First Class Trouble,0.5,False
698640,Deep Sky Derelicts,0.5,False
397550,Deus Ex: Revision,0.5,False
673130,AMID EVIL,0.5,False
240760,Wasteland 2,0.5,False
1334730,Dread Templar,0.5,False
373930,Sudden Strike 4,0.5,False
39800,Nation Red,0.5,False
591460,Parkasaurus,0.5,False
323190,Frostpunk,0.5,False
410820,Starward Rogue,0.5,False
550,Left 4 Dead 2,0.5,False
269190,Edge Of Eternity,0.5,False
701160,Kingdom Two Crowns,0.5,False
310950,Street Fighter V,0.5,False
1190170,OlliOlli World,0.5,False
1166290,Death and Taxes,0.5,False
446100,Mantis Burn Racing,0.5,False
604330,The Crown of Leaves,0.5,False
601840,Griftlands,0.5,False
1059980,Just King,0.5,False
322110,20XX,0.5,False
211260,They Bleed Pixels,0.5,False
440650,Niche - a genetics survival game,0.5,False
648350,Jurassic World Evolution,0.5,False
1016120,PGA TOUR 2K21,0.5,False
858210,Nova Drift,0.5,False
780350,Unruly Heroes,0.5,False
246110,MASSIVE CHALICE,0.5,False
40980,Stronghold Legends,0.5,False
422810,River City Ransom: Underground,0.5,False
1303950,Toodee and Topdee,0.4,False
1071870,Biped,0.4,False
976730,Halo: The Master Chief Collection,0.4,False
1266030,The Pale Beyond,0.4,False
1245430,Golden Light,0.4,False
1151050,Golf Gang,0.4,False
286100,You Have to Win the Game,0.4,False
219990,Grim Dawn,0.4,False
2055500,Repetendium,0.4,False
893720,One Hand Clapping,0.4,False
905340,Heave Ho,0.4,False
1472560,I Am Fish,0.4,False
621220,Nantucket,0.4,False
307110,We Need To Go Deeper,0.4,False
1218210,Coromon,0.4,False
704450,Neverwinter Nights: Enhanced Edition,0.4,False
378860,Project CARS 2,0.4,False
480640,Pathfinder Adventures,0.4,False
1167680,Orbital Bullet,0.4,False
1480560,Lawn Mowing Simulator,0.4,False
958400,Project CARS 3,0.4,False
677120,Heroes of Hammerwatch,0.4,False
1173200,Metal Unit,0.4,False
718670,Cultist Simulator,0.4,False
692890,Roboquest,0.4,False
1390190,APICO,0.4,False
1178790,Shiren the Wanderer: The Tower of Fortune and the Dice of Fate,0.4,False
296970,Renowned Explorers: International Society,0.4,False
408900,Unfortunate Spacemen,0.4,False
374040,Portal Knights,0.4,False
1315610,Source of Madness,0.4,False
238280,Legend of Dungeon,0.4,False
1076200,Roguebook,0.4,False
528180,Agricola: All Creatures Big and Small,0.4,False
2395210,Tony Hawk's™ Pro Skater™ 1 + 2,0.4,True
108200,Ticket to Ride,0.4,False
1534980,Terminus: Zombie Survivors,0.4,False
290790,Grey Goo,0.4,False
405710,Staxel,0.4,False
719040,Wasteland 3,0.4,False
921800,Encased,0.4,False
205610,Port Royale 3,0.4,False
503620,Fictorum,0.4,False
1004490,Tools Up!,0.4,False
1676130,Deadlink,0.4,False
252110,Lovers in a Dangerous Spacetime,0.4,False
803050,Per Aspera,0.4,False
404200,Wartile,0.4,False
1651490,Tiny Life,0.4,False
317820,Guild of Dungeoneering Ultimate Edition,0.4,False
976900,Lumberhill,0.4,False
410320,EARTH DEFENSE FORCE 4.1  The Shadow of New Despair,0.4,False
437250,A House of Many Doors,0.4,False
258970,Gauntlet™,0.4,False
1051690,Nightmare Reaper,0.4,False
65300,Dustforce,0.4,False
333420,Cossacks 3,0.4,False
301520,Robocraft,0.4,False
263020,STARWHAL,0.4,False
1549970,Aliens: Fireteam Elite,0.4,False
346420,The Spatials,0.4,False
1073910,Before We Leave,0.4,False
402560,Tabletopia,0.4,False
1359120,The Dungeon Beneath,0.3,False
1611910,"Warhammer 40,000: Chaos Gate - Daemonhunters",0.3,False
1053710,The Red Lantern,0.3,False
770100,One Deck Dungeon,0.3,False
588650,Dead Cells,0.3,False
230270,N++,0.3,False
228280,Baldur's Gate: Enhanced Edition,0.3,False
765810,Mars Horizon,0.3,False
1038370,Trials of Fire,0.3,False
334310,Plebby Quest: The Crusades,0.3,False
1056840,Arcanium,0.3,False
397460,The Jackbox Party Pack 2,0.3,False
503940,Railway Empire,0.3,False
768520,Red Solstice 2: Survivors,0.3,False
1508400,Kaiju Wars,0.3,False
383840,Nimbatus - The Space Drone Constructor,0.3,False
363680,Battlefleet Gothic: Armada,0.3,False
1088790,Rebel Inc: Escalation,0.3,False
304650,Sunless Sea,0.3,False
262060,Darkest Dungeon®,0.3,False
1095040,Unexplored 2: The Wayfarer's Legacy,0.3,False
577410,The Pit: Infinity,0.3,False
998740,Ring of Pain,0.3,False
881100,Noita,0.3,False
996770,Moving Out,0.3,False
216890,Blood Bowl: Chaos Edition,0.3,False
221380,Age of Empires II (2013),0.3,False
1336490,Against the Storm,0.3,False
728880,Overcooked! 2,0.3,False
281610,Homeworld: Deserts of Kharak,0.3,False
1592110,Spirit Of The Island,0.3,False
520440,GUILTY GEAR Xrd REV 2,0.3,False
1157220,Nebuchadnezzar,0.3,False
422970,Devil Daggers,0.3,False
457140,Oxygen Not Included,0.3,False
1123770,Curse of the Dead Gods,0.3,False
1165470,TombStar,0.3,False
65800,Dungeon Defenders,0.3,False
1231460,Candy Disaster,0.3,False
528250,Patchwork,0.3,False
1135810,Vault of the Void,0.3,False
1227690,Severed Steel,0.3,False
807120,Iratus: Lord of the Dead,0.3,False
1155970,Roadwarden,0.3,False
928990,Undungeon,0.3,False
841190,"Honey, I Joined a Cult",0.3,False
293780,Crawl,0.3,False
1942660,WWE 2K23,0.3,False
357310,Oriental Empires,0.3,False
1097840,Gears 5,0.3,False
551860,Abandon Ship,0.3,False
327070,Gloria Victis,0.3,False
276810,Mordheim: City of the Damned,0.2,False
613100,House Flipper,0.2,False
794260,Outward,0.2,False
245170,Skullgirls 2nd Encore,0.2,False
610180,The Jackbox Party Pack 4,0.2,False
447820,Day of Infamy,0.2,False
233700,Sword of the Stars: The Pit,0.2,False
337150,Sentinels of the Multiverse,0.2,False
637090,BATTLETECH,0.2,False
780290,Gloomhaven,0.2,False
606870,MetaMorph,0.2,False
594680,Shuyan Saga,0.2,False
761830,Mr. Prepper,0.2,False
291650,Pillars of Eternity,0.2,False
1127400,Mindustry,0.2,False
666150,Prehistoric Kingdom,0.2,False
688130,Pogostuck: Rage With Your Friends,0.2,False
246620,Plague Inc: Evolved,0.2,False
718560,Scythe: Digital Edition,0.2,False
280720,Imagine Earth,0.2,False
371970,Barony,0.2,False
718850,Age of Wonders: Planetfall,0.2,False
251470,TowerFall Ascension,0.2,False
232090,Killing Floor 2,0.2,False
1211630,The Jackbox Party Pack 7,0.2,False
1099410,A Total War Saga: TROY,0.2,False
410900,Forts,0.2,False
622440,Pandemic: The Board Game,0.2,False
987840,Expeditions: Rome,0.2,False
1304680,Voidigo,0.2,False
970830,The Dungeon Of Naheulbeuk: The Amulet Of Chaos,0.2,False
285190,"Warhammer 40,000: Dawn of War III",0.2,False
984680,Interstellar Space: Genesis,0.2,False
521350,Use Your Words,0.2,False
977650,DwarfHeim,0.2,False
981430,Gordian Quest,0.2,False
1705140,Final Profit: A Shop RPG,0.2,False
848030,Roundguard,0.2,False
1972440,Shotgun King: The Final Checkmate,0.2,False
910490,Killsquad,0.2,False
622770,Hacktag,0.2,False
1347970,Patch Quest,0.2,False
286160,Tabletop Simulator,0.2,False
945360,Among Us,0.2,False
1977530,One-armed cook,0.2,False
1478220,Puzzle Together,0.2,False
1168870,Mists of Noyah,0.2,False
392110,ENDLESS™ Space 2,0.2,False
632470,Disco Elysium,0.2,False
745920,Temtem,0.2,False
218620,PAYDAY 2,0.2,False
628770,Tangledeep,0.2,False
509580,The Lord of the Rings: Adventure Card Game - Definitive Edition,0.2,False
1063580,Aeon's End,0.2,False
743450,Monster Prom,0.2,False
236690,Blood Bowl 2,0.2,False
800270,Terraforming Mars,0.1,False
331670,The Jackbox Party Pack,0.1,False
1683860,Eronoctosis: Put Yourself Together,0.1,False
289070,Sid Meier's Civilization VI,0.1,False
406290,Twilight Struggle,0.1,False
434170,The Jackbox Party Pack 3,0.1,False
1713810,Lumencraft,0.1,False
1046030,ISLANDERS,0.1,False
289130,ENDLESS™ Legend,0.1,False
1025440,Fantasy General II,0.1,False
840010,Garden Paws,0.1,False
1404850,Luck be a Landlord,0.1,False
562860,Ion Fury,0.1,False
1568620,MetaPhysical,0.1,False
600080,Unto The End,0.1,False
1005300,The Jackbox Party Pack 6,0.1,False
1601970,Tunguska: The Visitation,0.1,False
541200,Get To The Orange Door,0.1,False
602320,Train Valley 2,0.1,False
265630,Fistful of Frags,0.1,False
1550730,Ikonei Island: An Earthlock Adventure,0.1,False
427730,Who's Your Daddy?!,0.1,False
1016920,Unrailed!,0.1,False
259680,Tales of Maj'Eyal,0.1,False
381210,Dead by Daylight,0.1,False
1140270,Monster Prom 2: Monster Camp,0.1,False
1440670,Zeepkist,0.1,False
1579020,Golfie,0.1,False
2354600,Renfield: Bring Your Own Blood,0.1,False
291550,Brawlhalla,0.1,False
605740,Flashing Lights,0.1,False
1785150,Friends vs Friends,0.1,False
813780,Age of Empires II: Definitive Edition,0.1,False
1867510,WrestleQuest,0.1,False
602960,Barotrauma,0.1,False
1070860,Serin Fate,0.1,False
625960,Stoneshard,0.1,False
535930,Two Point Hospital,0.1,False
873940,Crying Suns,0.1,False
1552080,Deepest Chamber: Resurrection,0.1,False
489630,"Warhammer 40,000: Gladius - Relics of War",0.1,False
376680,Splendor,0.1,False
261470,Distant Worlds: Universe,0.1,False
247000,Talisman: Digital Edition,0.1,False
1147550,Not For Broadcast,0.1,False
255710,Cities: Skylines,0.1,False
1599340,Lost Ark,0.0,False
224260,No More Room in Hell,0.0,False
608800,Guns of Icarus Alliance,0.0,False
269210,Hero Siege,0.0,False
477160,Human Fall Flat,0.0,False
737230,Rising Storm 2: Vietnam CTB Beta,0.0,False
493520,GTFO,0.0,False
236850,Europa Universalis IV,0.0,False
236390,War Thunder,0.0,False
466560,Northgard,0.0,False
227300,Euro Truck Simulator 2,0.0,False
510840,Evolvation,0.0,False
960090,Bloons TD 6,0.0,False
394690,Tower Unite,0.0,False
1054490,Wingspan,0.0,False
1054430,Fling to the Finish,0.0,False
1463920,hexceed,0.0,False
571740,Golf It!,0.0,False
627690,Idle Champions of the Forgotten Realms,0.0,False
1114220,Gedonia,0.0,False
1484720,Dead Estate,0.0,False
1827980,Idle Spiral,0.0,False
1502190,From Space,0.0,False
469600,Legion TD 2,0.0,False
1466860,Age of Empires IV: Anniversary Edition,0.0,False
1151340,Fallout 76,0.0,False
727130,Between the Stars,0.0,False
559650,Witch It,0.0,False
2181720,Scarlet Tower,0.0,False
1517970,Aeterna Noctis,0.0,False
1172620,Sea of Thieves,0.0,False
281990,Stellaris,0.0,False
1119840,Sands of Aura,0.0,False
1000410,WRATH: Aeon of Ruin,0.0,False
247080,Crypt of the NecroDancer,0.0,False
1005580,Agricola,0.0,False
1184370,Pathfinder: Wrath of the Righteous - Enhanced Edition,0.0,False
967050,Pacify,0.0,False
1150090,Learning Factory,0.0,False
603320,Age of Defense,0.0,False
563560,Alien Swarm: Reactive Drop,0.0,False
431240,Golf With Your Friends,0.0,False
1373260,Obsidian Prince,0.0,False
282800,100% Orange Juice,0.0,False
846030,ΔV: Rings of Saturn,0.0,False
209080,Guns of Icarus Online,0.0,False
1371690,GRAVEN,0.0,False
602770,Clatter,0.0,False
418460,Rising Storm 2: Vietnam,0.0,False
270880,American Truck Simulator,0.0,False
